delay,freq,condition,thisN,thisTrialN,thisRepN,key_resp.keys,key_resp.rt,key_resp.duration,textbox.text,button.numClicks,button.timesOn,button.timesOff,trials.thisRepN,trials.thisTrialN,trials.thisN,trials.thisIndex,thisRow.t,notes,trial.started,polygon.started,polygon_2.started,key_resp.started,polygon.stopped,trial.stopped,trials.key_resp.keys,trials.key_resp.rt,trials.key_resp.duration,beep.started,sound_1.started,sound_1.stopped,beep.stopped,response.started,text.started,textbox.started,button.started,response.stopped,trials.textbox.text,trials.button.numClicks,trials.button.timesOn,trials.button.timesOff,participant,session,date,expName,expVersion,psychopyVersion,frameRate,expStart,
0.1,1000,exp,0,0,0,space,0.4390172000275925,None,100,1,[3.287449700059369],[3.2874694000929594],0,0,0,9,0.026102100033313036,,0.021915200049988925,0.026102100033313036,1.0111670000478625,1.0111670000478625,1.028155600070022,1.4743239000672475,space,0.4390172000275925,None,1.4757071000058204,1.578268766698117,1.8946217000484467,1.875773600069806,1.8773973999777809,1.8946217000484467,1.8946217000484467,1.8946217000484467,5.182690700050443,100,1,[3.287449700059369],[3.2874694000929594],1,001,2025-11-13_16h28.09.951,untitled,,2025.1.1,59.89630754560734,2025-11-13 16h28.23.966103 +0530,
0.7,1000,exp,1,1,0,space,0.39047610003035516,None,800,1,[2.998254399979487],[2.998275400022976],0,1,1,5,5.194935700041242,,5.183065799996257,5.194935700041242,6.195101500023156,6.195101500023156,6.195101500023156,6.596409599995241,space,0.39047610003035516,None,6.598035100032575,7.311826466644804,7.617117000045255,7.606110600056127,7.606660400051624,7.617117000045255,7.617117000045255,7.617117000045255,10.61604910006281,800,1,[2.998254399979487],[2.998275400022976],1,001,2025-11-13_16h28.09.951,untitled,,2025.1.1,59.89630754560734,2025-11-13 16h28.23.966103 +0530,
0.7,1000,exp,2,2,0,space,0.442071900004521,None,700,1,[2.2070119000272825],[2.207027200027369],0,2,2,11,10.628125700051896,,10.616557199973613,10.628125700051896,11.628201200044714,11.628201200044714,11.628201200044714,12.079508000053465,space,0.442071900004521,None,12.081102600088343,12.778854366686817,13.088827600004151,13.077748600044288,13.078718599979766,13.088827600004151,13.088827600004151,13.088827600004151,15.296297600027174,700,1,[2.2070119000272825],[2.207027200027369],1,001,2025-11-13_16h28.09.951,untitled,,2025.1.1,59.89630754560734,2025-11-13 16h28.23.966103 +0530,
0.4,1000,exp,3,3,0,space,0.3147061000345275,None,200,1,[2.2945568000432104],[2.2945678000105545],0,3,3,4,15.31211749999784,,15.296686400077306,15.31211749999784,16.3121272000717,16.3121272000717,16.3121272000717,16.62905350001529,space,0.3147061000345275,None,16.630210499977693,17.0288815666611,17.338523100013845,17.32732180005405,17.328003100003116,17.338523100013845,17.338523100013845,17.338523100013845,19.633412200026214,200,1,[2.2945568000432104],[2.2945678000105545],1,001,2025-11-13_16h28.09.951,untitled,,2025.1.1,59.89630754560734,2025-11-13 16h28.23.966103 +0530,
0.1,1000,exp,4,4,0,space,0.30988289997912943,None,100,1,[2.108236400061287],[2.1082477000309154],0,4,4,6,19.64511180005502,,19.633744599996135,19.64511180005502,20.64493290008977,20.64493290008977,20.64493290008977,20.962288000038825,space,0.30988289997912943,None,20.96308010001667,21.061845066670017,21.370463000028394,21.357968600001186,21.35857899999246,21.370463000028394,21.370463000028394,21.370463000028394,23.479124700068496,100,1,[2.108236400061287],[2.1082477000309154],1,001,2025-11-13_16h28.09.951,untitled,,2025.1.1,59.89630754560734,2025-11-13 16h28.23.966103 +0530,
0.7,1000,exp,5,5,0,space,0.2529773999704048,None,700,1,[2.2107996999984607],[2.2108097999589518],0,5,5,8,23.49491970008239,,23.479503000038676,23.49491970008239,24.478721200022846,24.478721200022846,24.495615900028497,24.74695340008475,space,0.2529773999704048,None,24.748430200037546,25.46166666673186,25.769698100048117,25.75784289999865,25.758470500004478,25.769698100048117,25.769698100048117,25.769698100048117,27.98092850006651,700,1,[2.2107996999984607],[2.2108097999589518],1,001,2025-11-13_16h28.09.951,untitled,,2025.1.1,59.89630754560734,2025-11-13 16h28.23.966103 +0530,
0.4,1000,exp,6,6,0,space,0.33871190005447716,None,200,1,[2.406374800018966],[2.4063916000304744],0,6,6,10,27.995117700076662,,27.98116760002449,27.995117700076662,28.995498800068162,28.995498800068162,28.995498800068162,29.34624950005673,space,0.33871190005447716,None,29.347728200023994,29.745365466751778,30.05847430007998,30.0485319000436,30.04905640007928,30.05847430007998,30.05847430007998,30.05847430007998,32.46536799997557,200,1,[2.406374800018966],[2.4063916000304744],1,001,2025-11-13_16h28.09.951,untitled,,2025.1.1,59.89630754560734,2025-11-13 16h28.23.966103 +0530,
0.1,400,unexp,7,7,0,space,0.3912074000108987,None,100,1,[6.223362899967469],[6.223377199959941],0,7,7,0,32.47847460000776,,32.465750099974684,32.47847460000776,33.478588000056334,33.478588000056334,33.478588000056334,33.879353899974376,space,0.3912074000108987,None,33.880375800072215,33.97854516673057,34.29094690002967,34.28045309998561,34.28111199999694,34.29094690002967,34.29094690002967,34.29094690002967,40.51483580004424,100,1,[6.223362899967469],[6.223377199959941],1,001,2025-11-13_16h28.09.951,untitled,,2025.1.1,59.89630754560734,2025-11-13 16h28.23.966103 +0530,
0.7,400,unexp,8,8,0,space,0.4699387999717146,None,600,1,[3.8439337000017986],[3.8439435999607667],0,8,8,2,40.528574600000866,,40.51521540002432,40.528574600000866,41.52842580003198,41.52842580003198,41.52842580003198,42.01306290004868,space,0.4699387999717146,None,42.014561900054105,42.728665866718316,43.039115000050515,43.02813290001359,43.028884700033814,43.039115000050515,43.039115000050515,43.039115000050515,46.88332670007367,600,1,[3.8439337000017986],[3.8439435999607667],1,001,2025-11-13_16h28.09.951,untitled,,2025.1.1,59.89630754560734,2025-11-13 16h28.23.966103 +0530,
0.1,1000,exp,9,9,0,space,0.40352990000974387,None,600,1,[2.081856699893251],[2.081874099909328],0,9,9,3,46.898938100086525,,46.88356650003698,46.898938100086525,47.89913080004044,47.89913080004044,47.89913080004044,48.31711990002077,space,0.40352990000974387,None,48.31815180007834,48.41696856666046,48.73391770001035,48.719499099999666,48.720009900047444,48.73391770001035,48.73391770001035,48.73391770001035,50.81627120007761,600,1,[2.081856699893251],[2.081874099909328],1,001,2025-11-13_16h28.09.951,untitled,,2025.1.1,59.89630754560734,2025-11-13 16h28.23.966103 +0530,
0.4,400,unexp,10,10,0,space,0.4140901999780908,None,300,1,[1.8580876999767497],[1.8580963999265805],0,10,10,1,50.82860710006207,,50.81668869999703,50.82860710006207,51.828381999977864,51.828381999977864,51.828381999977864,52.24547890003305,space,0.4140901999780908,None,52.246092900051735,52.64488886675487,52.95487590006087,52.94513770006597,52.94576769997366,52.95487590006087,52.95487590006087,52.95487590006087,54.81327889999375,300,1,[1.8580876999767497],[1.8580963999265805],1,001,2025-11-13_16h28.09.951,untitled,,2025.1.1,59.89630754560734,2025-11-13 16h28.23.966103 +0530,
0.4,1000,exp,11,11,0,space,0.2948655999498442,None,600,1,[2.1244435000699013],[2.1244605000829324],0,11,11,7,54.82816700008698,,54.813586200005375,54.82816700008698,55.82905140006915,55.82905140006915,55.82905140006915,56.12897189997602,space,0.2948655999498442,None,56.12994550005533,56.52875466674256,56.84036280005239,56.828901699976996,56.829372100066394,56.84036280005239,56.84036280005239,56.84036280005239,58.965281400014646,600,1,[2.1244435000699013],[2.1244605000829324],1,001,2025-11-13_16h28.09.951,untitled,,2025.1.1,59.89630754560734,2025-11-13 16h28.23.966103 +0530,
0.7,400,unexp,12,0,1,space,0.405283399973996,None,800,1,[2.6718686999520287],[2.6718802999239415],1,0,12,2,58.978442599996924,,58.96559929999057,58.978442599996924,59.97861200000625,59.97861200000625,59.97861200000625,60.39625570003409,space,0.405283399973996,None,60.39764370000921,61.11162016675031,61.423899800051004,61.40858420007862,61.40989050001372,61.423899800051004,61.423899800051004,61.423899800051004,64.09608719998505,800,1,[2.6718686999520287],[2.6718802999239415],1,001,2025-11-13_16h28.09.951,untitled,,2025.1.1,59.89630754560734,2025-11-13 16h28.23.966103 +0530,
0.1,1000,exp,13,1,1,space,0.3376068000216037,None,100,1,[1.9267908999463543],[1.926801500027068],1,1,13,6,64.11203670001123,,64.09636680001859,64.11203670001123,65.09538230008911,65.09538230008911,65.11203760001808,65.44544290006161,space,0.3376068000216037,None,65.44612960005179,65.54517956666338,65.85256140003912,65.84221939998679,65.84271410002839,65.85256140003912,65.85256140003912,65.85256140003912,67.77978700003587,100,1,[1.9267908999463543],[1.926801500027068],1,001,2025-11-13_16h28.09.951,untitled,,2025.1.1,59.89630754560734,2025-11-13 16h28.23.966103 +0530,
0.1,1000,exp,14,2,1,space,0.26523090002592653,None,50,1,[2.4632969999220222],[2.463307600002736],1,2,14,3,67.79468280007131,,67.78028080007061,67.79468280007131,68.79522049997468,68.79522049997468,68.79522049997468,69.06239019997884,space,0.26523090002592653,None,69.06346279999707,69.16192396666544,69.46636680001393,69.45517089997884,69.45567649998702,69.46636680001393,69.46636680001393,69.46636680001393,71.93005990004167,50,1,[2.4632969999220222],[2.463307600002736],1,001,2025-11-13_16h28.09.951,untitled,,2025.1.1,59.89630754560734,2025-11-13 16h28.23.966103 +0530,
0.1,1000,exp,15,3,1,space,0.29514619999099523,None,200,1,[2.489586799987592],[2.48959739995189],1,3,15,9,71.94495839998126,,71.93044840008952,71.94495839998126,72.94480020005722,72.94480020005722,72.94480020005722,73.24566060001962,space,0.29514619999099523,None,73.24639600003138,73.34536246670565,73.65626570000313,73.6453790999949,73.64602740004193,73.65626570000313,73.65626570000313,73.65626570000313,76.14625460002571,200,1,[2.489586799987592],[2.48959739995189],1,001,2025-11-13_16h28.09.951,untitled,,2025.1.1,59.89630754560734,2025-11-13 16h28.23.966103 +0530,
0.7,1000,exp,16,4,1,space,0.027329300064593554,None,400,1,[3.7462049999739975],[3.746217899955809],1,4,16,5,76.16172600002028,,76.14652389998082,76.16172600002028,77.161646499997,77.161646499997,77.161646499997,77.19693390000612,space,0.027329300064593554,None,77.19821559998672,77.91162666672996,78.21713210002054,78.20622330007609,78.20670209999662,78.21713210002054,78.21713210002054,78.21713210002054,81.96395780006424,400,1,[3.7462049999739975],[3.746217899955809],1,001,2025-11-13_16h28.09.951,untitled,,2025.1.1,59.89630754560734,2025-11-13 16h28.23.966103 +0530,
0.4,1000,exp,17,5,1,space,0.3246633999515325,None,100,1,[2.022009800071828],[2.022019200026989],1,5,17,10,81.9783767000772,,81.96438830008265,81.9783767000772,82.97866270004306,82.97866270004306,82.97866270004306,83.31341330008581,space,0.3246633999515325,None,83.31525680003688,83.72877176670978,84.04039580002427,84.02976090006996,84.03039199998602,84.04039580002427,84.04039580002427,84.04039580002427,86.06274650001433,100,1,[2.022009800071828],[2.022019200026989],1,001,2025-11-13_16h28.09.951,untitled,,2025.1.1,59.89630754560734,2025-11-13 16h28.23.966103 +0530,
0.4,1000,exp,18,6,1,space,0.3638803999638185,None,100,1,[1.5898502999916673],[1.5898669000016525],1,6,18,4,86.07864159997553,,86.06302790006157,86.07864159997553,87.07866920006927,87.07866920006927,87.07866920006927,87.44549610000104,space,0.3638803999638185,None,87.44627750001382,87.84467866673755,88.15817010006867,88.14711290004198,88.14769750006963,88.15817010006867,88.15817010006867,88.15817010006867,89.74839940003585,100,1,[1.5898502999916673],[1.5898669000016525],1,001,2025-11-13_16h28.09.951,untitled,,2025.1.1,59.89630754560734,2025-11-13 16h28.23.966103 +0530,
0.4,400,unexp,19,7,1,space,0.29364119993988425,None,700,1,[1.9603063999675214],[1.96032529999502],1,7,19,1,89.76192439999431,,89.74869620008394,89.76192439999431,90.76208610006142,90.76208610006142,90.76208610006142,91.06292799999937,space,0.29364119993988425,None,91.06422240007669,91.47852746671221,91.78763450006954,91.7773854000261,91.77797649998683,91.78763450006954,91.78763450006954,91.78763450006954,93.74847150000278,700,1,[1.9603063999675214],[1.96032529999502],1,001,2025-11-13_16h28.09.951,untitled,,2025.1.1,59.89630754560734,2025-11-13 16h28.23.966103 +0530,
0.7,1000,exp,20,8,1,space,0.2779603999806568,None,500,1,[2.6431356000248343],[2.6431438999716192],1,8,20,8,93.76157460000832,,93.74894870002754,93.76157460000832,94.76201100007165,94.76201100007165,94.76201100007165,95.04561600007582,space,0.2779603999806568,None,95.04667670000345,95.74500336667212,96.05312459997367,96.0421693000244,96.04270400002133,96.05312459997367,96.05312459997367,96.05312459997367,98.69656439998653,500,1,[2.6431356000248343],[2.6431438999716192],1,001,2025-11-13_16h28.09.951,untitled,,2025.1.1,59.89630754560734,2025-11-13 16h28.23.966103 +0530,
0.4,1000,exp,21,9,1,space,1.0462687000399455,None,100,1,[1.5301039000041783],[1.5301179999951273],1,9,21,7,98.71161240001675,,98.6968086999841,98.71161240001675,99.71215170004871,99.71215170004871,99.71215170004871,100.76280929998029,space,1.0462687000399455,None,100.76367410004605,101.16211596673044,101.46706360008102,101.45594950008672,101.4565168999834,101.46706360008102,101.46706360008102,101.46706360008102,102.99766400002409,100,1,[1.5301039000041783],[1.5301179999951273],1,001,2025-11-13_16h28.09.951,untitled,,2025.1.1,59.89630754560734,2025-11-13 16h28.23.966103 +0530,
0.7,1000,exp,22,10,1,space,0.3072026999434456,None,800,1,[1.8886767000658438],[1.8886907000560313],1,10,22,11,103.01174019998871,,102.99797330005094,103.01174019998871,104.01235710002948,104.01235710002948,104.01235710002948,104.32990360003896,space,0.3072026999434456,None,104.33122669998556,105.04526806675518,105.35884250001982,105.348163900082,105.34871030005161,105.35884250001982,105.35884250001982,105.35884250001982,107.24793720000889,800,1,[1.8886767000658438],[1.8886907000560313],1,001,2025-11-13_16h28.09.951,untitled,,2025.1.1,59.89630754560734,2025-11-13 16h28.23.966103 +0530,
0.1,400,unexp,23,11,1,space,0.4159525000723079,None,150,1,[3.6925053999293596],[3.692523999954574],1,11,23,0,107.26171620003879,,107.24828290008008,107.26171620003879,108.26169579999987,108.26169579999987,108.26169579999987,108.67935650004074,space,0.4159525000723079,None,108.68085380003322,108.7785154666674,109.08791430003475,109.07631250005215,109.07741010002792,109.08791430003475,109.08791430003475,109.08791430003475,112.78100620000623,150,1,[3.6925053999293596],[3.692523999954574],1,001,2025-11-13_16h28.09.951,untitled,,2025.1.1,59.89630754560734,2025-11-13 16h28.23.966103 +0530,
0.1,400,unexp,24,0,2,space,0.5074384999461472,None,100,1,[1.9432017999934033],[1.9432120999554172],2,0,24,0,112.79510750004556,,112.7814583000727,112.79510750004556,113.79571680002846,113.79571680002846,113.79571680002846,114.31314169999678,space,0.5074384999461472,None,114.31482590001542,114.42853676673646,114.73585350008216,114.72546930005774,114.72609160002321,114.73585350008216,114.73585350008216,114.73585350008216,116.67937270004768,100,1,[1.9432017999934033],[1.9432120999554172],1,001,2025-11-13_16h28.09.951,untitled,,2025.1.1,59.89630754560734,2025-11-13 16h28.23.966103 +0530,
0.7,1000,exp,25,1,2,space,0.36280500004068017,None,400,1,[3.94692249991931],[3.946935800020583],2,1,25,5,116.69527130003553,,116.6795985000208,116.69527130003553,117.69540550000966,117.69540550000966,117.69540550000966,118.06265570002142,space,0.36280500004068017,None,118.0635824999772,118.76190856664131,119.06857600004878,119.05652840004768,119.05715540004894,119.06857600004878,119.06857600004878,119.06857600004878,123.01622260001022,400,1,[3.94692249991931],[3.946935800020583],1,001,2025-11-13_16h28.09.951,untitled,,2025.1.1,59.89630754560734,2025-11-13 16h28.23.966103 +0530,
0.4,400,unexp,26,2,2,space,0.3409774999599904,None,200,1,[1.9755141000496224],[1.9755332000786439],2,2,26,1,123.02840609999839,,123.01664140005596,123.02840609999839,124.02874660002999,124.02874660002999,124.02874660002999,124.37972079997417,space,0.3409774999599904,None,124.38057799998205,124.77887656673944,125.08973360003438,125.0794497000752,125.08016210002825,125.08973360003438,125.08973360003438,125.08973360003438,127.06582500005607,200,1,[1.9755141000496224],[1.9755332000786439],1,001,2025-11-13_16h28.09.951,untitled,,2025.1.1,59.89630754560734,2025-11-13 16h28.23.966103 +0530,
0.7,400,unexp,27,3,2,space,0.4667225000448525,None,500,1,[3.194671700010076],[3.1946826999774203],2,3,27,2,127.07858950004447,,127.06627750000916,127.07858950004447,128.07872280001175,128.07872280001175,128.07872280001175,128.54657140001655,space,0.4667225000448525,None,128.5477676000446,129.26175836666178,129.56860550004058,129.5577304000035,129.5582427000627,129.56860550004058,129.56860550004058,129.56860550004058,132.76377399999183,500,1,[3.194671700010076],[3.1946826999774203],1,001,2025-11-13_16h28.09.951,untitled,,2025.1.1,59.89630754560734,2025-11-13 16h28.23.966103 +0530,
0.7,1000,exp,28,4,2,space,0.4007522000465542,None,600,1,[2.1077528999885544],[2.1077642999589443],2,4,28,11,132.7784184999764,,132.76412459998392,132.7784184999764,133.77832320006564,133.77832320006564,133.77832320006564,134.19555479998235,space,0.4007522000465542,None,134.19627930002753,134.89492496668052,135.20518769999035,135.19618149998132,135.1965878000483,135.20518769999035,135.20518769999035,135.20518769999035,137.31334100000095,600,1,[2.1077528999885544],[2.1077642999589443],1,001,2025-11-13_16h28.09.951,untitled,,2025.1.1,59.89630754560734,2025-11-13 16h28.23.966103 +0530,
0.4,1000,exp,29,5,2,space,0.3227241999702528,None,300,1,[2.5092653000028804],[2.50928220001515],2,5,29,4,137.3282572000753,,137.31365620007273,137.3282572000753,138.3281581000192,138.3281581000192,138.3281581000192,138.66261980007403,space,0.3227241999702528,None,138.6636337999953,139.06212056667235,139.36982240004,139.3563068000367,139.35685510002077,139.36982240004,139.36982240004,139.36982240004,141.87963189999573,300,1,[2.5092653000028804],[2.50928220001515],1,001,2025-11-13_16h28.09.951,untitled,,2025.1.1,59.89630754560734,2025-11-13 16h28.23.966103 +0530,
0.1,1000,exp,30,6,2,space,0.2227195999585092,None,100,1,[4.8754211000632495],[4.875433500041254],2,6,30,9,141.89528509997763,,141.87999460007995,141.89528509997763,142.8949142000638,142.8949142000638,142.8949142000638,143.12893220002297,space,0.2227195999585092,None,143.1299374999944,143.22837216669384,143.5379415000789,143.52706960006617,143.52766420005355,143.5379415000789,143.5379415000789,143.5379415000789,148.41385050001554,100,1,[4.8754211000632495],[4.875433500041254],1,001,2025-11-13_16h28.09.951,untitled,,2025.1.1,59.89630754560734,2025-11-13 16h28.23.966103 +0530,
0.1,1000,exp,31,7,2,space,0.36954909993801266,None,100,1,[1.7906776999589056],[1.7906908000586554],2,7,31,6,148.42816740006674,,148.41444520000368,148.42816740006674,149.42871720006224,149.42871720006224,149.42871720006224,149.8129665000597,space,0.36954909993801266,None,149.81392330001108,149.92884966667432,150.23831450007856,150.22734240000136,150.22797660005745,150.23831450007856,150.23831450007856,150.23831450007856,152.02933609997854,100,1,[1.7906776999589056],[1.7906908000586554],1,001,2025-11-13_16h28.09.951,untitled,,2025.1.1,59.89630754560734,2025-11-13 16h28.23.966103 +0530,
0.7,1000,exp,32,8,2,space,0.6267979999538511,None,600,1,[1.9789367000339553],[1.9789537999313325],2,8,32,8,152.04505730001256,,152.02965380006935,152.04505730001256,153.02884590008762,153.02884590008762,153.04543669999111,153.66266090003774,space,0.6267979999538511,None,153.6636348000029,154.36197486665722,154.66842120001093,154.6575490999967,154.65805309999269,154.66842120001093,154.66842120001093,154.66842120001093,156.64791960001457,600,1,[1.9789367000339553],[1.9789537999313325],1,001,2025-11-13_16h28.09.951,untitled,,2025.1.1,59.89630754560734,2025-11-13 16h28.23.966103 +0530,
0.1,1000,exp,33,9,2,space,0.36486760003026575,None,100,1,[1.6226035999134183],[1.6226158000063151],2,9,33,3,156.6617062999867,,156.6483537000604,156.6617062999867,157.66203040000983,157.66203040000983,157.66203040000983,158.0290871000616,space,0.36486760003026575,None,158.02995280001778,158.12819926668115,158.4396930000512,158.4293217000086,158.4298698999919,158.4396930000512,158.4396930000512,158.4396930000512,160.06262410001364,100,1,[1.6226035999134183],[1.6226158000063151],1,001,2025-11-13_16h28.09.951,untitled,,2025.1.1,59.89630754560734,2025-11-13 16h28.23.966103 +0530,
0.4,1000,exp,34,10,2,space,0.2763329999288544,None,300,1,[4.077644999953918],[4.077660100068897],2,10,34,7,160.07865240005776,,160.06290660006925,160.07865240005776,161.0620696999831,161.0620696999831,161.078612399986,161.34603620006237,space,0.2763329999288544,None,161.3474005999742,161.76208806672756,162.06830070004798,162.05621250008699,162.05711890000384,162.06830070004798,162.06830070004798,162.06830070004798,166.1463775000302,300,1,[4.077644999953918],[4.077660100068897],1,001,2025-11-13_16h28.09.951,untitled,,2025.1.1,59.89630754560734,2025-11-13 16h28.23.966103 +0530,
0.4,1000,exp,35,11,2,space,0.41796120000071824,None,300,1,[1.9843237000750378],[1.984341699979268],2,11,35,10,166.16179000004195,,166.14669449999928,166.16179000004195,167.16183170001023,167.16183170001023,167.16183170001023,167.58051990007516,space,0.41796120000071824,None,167.5819544000551,167.99534946674638,168.3116043000482,168.2981742999982,168.29885760007892,168.3116043000482,168.3116043000482,168.3116043000482,170.29643970006146,300,1,[1.9843237000750378],[1.984341699979268],1,001,2025-11-13_16h28.09.951,untitled,,2025.1.1,59.89630754560734,2025-11-13 16h28.23.966103 +0530,
0.1,1000,exp,36,0,3,space,0.3175971999298781,None,100,1,[1.761656100046821],[1.761688300059177],3,0,36,9,170.3123714000685,,170.2968365000561,170.3123714000685,171.31219149997924,171.31219149997924,171.31219149997924,171.64550520002376,space,0.3175971999298781,None,171.64647700008936,171.74505336670362,172.05310160003137,172.04179070005193,172.04216220008675,172.05310160003137,172.05310160003137,172.05310160003137,173.81542140000965,100,1,[1.761656100046821],[1.761688300059177],1,001,2025-11-13_16h28.09.951,untitled,,2025.1.1,59.89630754560734,2025-11-13 16h28.23.966103 +0530,
0.1,1000,exp,37,1,3,space,0.40763399994466454,None,100,1,[2.9075127999531105],[2.9075344000011683],3,1,37,6,173.82847599999513,,173.81590440007858,173.82847599999513,174.82915430003777,174.82915430003777,174.82915430003777,175.2461846000515,space,0.40763399994466454,None,175.2470981000224,175.34529956669238,175.65721830003895,175.64790199999698,175.648449899978,175.65721830003895,175.65721830003895,175.65721830003895,178.5653636000352,100,1,[2.9075127999531105],[2.9075344000011683],1,001,2025-11-13_16h28.09.951,untitled,,2025.1.1,59.89630754560734,2025-11-13 16h28.23.966103 +0530,
0.7,1000,exp,38,2,3,space,0.2800715999910608,None,600,1,[2.2421431000111625],[2.2421526000835],3,2,38,5,178.57857670006342,,178.5658368000295,178.57857670006342,179.58040940004867,179.58040940004867,179.58040940004867,179.86281060008332,space,0.2800715999910608,None,179.8638079999946,180.57822656672604,180.88678719999734,180.87725760007743,180.87781880004331,180.88678719999734,180.88678719999734,180.88678719999734,183.12923830002546,600,1,[2.2421431000111625],[2.2421526000835],1,001,2025-11-13_16h28.09.951,untitled,,2025.1.1,59.89630754560734,2025-11-13 16h28.23.966103 +0530,
0.4,1000,exp,39,3,3,space,0.41092520009260625,None,350,1,[3.8125976000446826],[3.812614000053145],3,3,39,4,183.14514270005748,,183.12950889999047,183.14514270005748,184.1449411000358,184.1449411000358,184.1449411000358,184.56229100003839,space,0.41092520009260625,None,184.56291770003736,184.96136416664038,185.26719300006516,185.25791280006524,185.25829440006055,185.26719300006516,185.26719300006516,185.26719300006516,189.0803172000451,350,1,[3.8125976000446826],[3.812614000053145],1,001,2025-11-13_16h28.09.951,untitled,,2025.1.1,59.89630754560734,2025-11-13 16h28.23.966103 +0530,
0.4,1000,exp,40,4,3,space,0.3260618000058457,None,500,1,[2.065058400039561],[2.0650748000480235],3,4,40,7,189.09504939999897,,189.08072870003525,189.09504939999897,190.0948121000547,190.0948121000547,190.0948121000547,190.42982550000306,space,0.3260618000058457,None,190.43108580005355,190.84493296669487,191.14801330002956,191.1393826000858,191.1397430000361,191.14801330002956,191.14801330002956,191.14801330002956,193.2134653000394,500,1,[2.065058400039561],[2.0650748000480235],1,001,2025-11-13_16h28.09.951,untitled,,2025.1.1,59.89630754560734,2025-11-13 16h28.23.966103 +0530,
0.4,1000,exp,41,5,3,space,0.6548280999995768,None,200,1,[1.7104772999882698],[1.7104924999875948],3,5,41,10,193.2281207999913,,193.2137787999818,193.2281207999913,194.22827409999445,194.22827409999445,194.22827409999445,194.89661280007567,space,0.6548280999995768,None,194.89809000003152,195.31199276674695,195.61803810007405,195.60863909998443,195.60910940007307,195.61803810007405,195.61803810007405,195.61803810007405,197.32904750003945,200,1,[1.7104772999882698],[1.7104924999875948],1,001,2025-11-13_16h28.09.951,untitled,,2025.1.1,59.89630754560734,2025-11-13 16h28.23.966103 +0530,
0.7,1000,exp,42,6,3,space,0.5044905000831932,None,600,1,[2.09438050002791],[2.094388799974695],3,6,42,11,197.3448822000064,,197.32938540005125,197.3448822000064,198.32896620000247,198.32896620000247,198.34511800005566,198.84646580007393,space,0.5044905000831932,None,198.84770170005504,199.56207546667818,199.86733390006702,199.85634100006428,199.85683930001687,199.86733390006702,199.86733390006702,199.86733390006702,201.96199630002957,600,1,[2.09438050002791],[2.094388799974695],1,001,2025-11-13_16h28.09.951,untitled,,2025.1.1,59.89630754560734,2025-11-13 16h28.23.966103 +0530,
0.1,400,unexp,43,7,3,space,0.7480978000676259,None,400,1,[2.176378900068812],[2.176390100037679],3,7,43,0,201.97851170005742,,201.96223740000278,201.97851170005742,202.96220359997824,202.96220359997824,202.9776859000558,203.71309720003046,space,0.7480978000676259,None,203.71397949999664,203.82845506671973,204.1367881000042,204.12723580002785,204.1276901999954,204.1367881000042,204.1367881000042,204.1367881000042,206.31352080008946,400,1,[2.176378900068812],[2.176390100037679],1,001,2025-11-13_16h28.09.951,untitled,,2025.1.1,59.89630754560734,2025-11-13 16h28.23.966103 +0530,
0.4,400,unexp,44,8,3,space,0.3325817999430001,None,500,1,[3.491090099909343],[3.491103999898769],3,8,44,1,206.32802370004356,,206.31381670001429,206.32802370004356,207.32793030003086,207.32793030003086,207.32793030003086,207.6624720999971,space,0.3325817999430001,None,207.66345390002243,208.0619861666967,208.37186190008651,208.35818209999707,208.3585812000092,208.37186190008651,208.37186190008651,208.37186190008651,211.86340100003872,500,1,[3.491090099909343],[3.491103999898769],1,001,2025-11-13_16h28.09.951,untitled,,2025.1.1,59.89630754560734,2025-11-13 16h28.23.966103 +0530,
0.7,1000,exp,45,9,3,space,0.35438380006235093,None,400,1,[3.4231844999594614],[3.4231967999367043],3,9,45,8,211.87825950002298,,211.8636626000516,211.87825950002298,212.8783642000053,212.8783642000053,212.8783642000053,213.24578780005686,space,0.35438380006235093,None,213.24683179997373,213.94494486664578,214.25814260006882,214.24797899997793,214.24848890001886,214.25814260006882,214.25814260006882,214.25814260006882,217.68168370006606,400,1,[3.4231844999594614],[3.4231967999367043],1,001,2025-11-13_16h28.09.951,untitled,,2025.1.1,59.89630754560734,2025-11-13 16h28.23.966103 +0530,
0.1,1000,exp,46,10,3,space,0.43777249997947365,None,200,1,[2.0697401999495924],[2.0697560999542475],3,10,46,3,217.6951932000229,,217.68201410002075,217.6951932000229,218.69523170008324,218.69523170008324,218.69523170008324,219.14557849999983,space,0.43777249997947365,None,219.14677810005378,219.24505306670133,219.56061679997947,219.5496812000638,219.55022360000294,219.56061679997947,219.56061679997947,219.56061679997947,221.63075050001498,200,1,[2.0697401999495924],[2.0697560999542475],1,001,2025-11-13_16h28.09.951,untitled,,2025.1.1,59.89630754560734,2025-11-13 16h28.23.966103 +0530,
0.7,400,unexp,47,11,3,space,0.4260643000015989,None,800,1,[1.7265929999994114],[1.7266055999789387],3,11,47,2,221.6452368000755,,221.63103360007517,221.6452368000755,222.64559430000372,222.64559430000372,222.64559430000372,223.0792590000201,space,0.4260643000015989,None,223.0801759000169,223.7784989666582,224.08589780004695,224.07637270004489,224.07695620006416,224.08589780004695,224.08589780004695,224.08589780004695,225.81284320005216,800,1,[1.7265929999994114],[1.7266055999789387],1,001,2025-11-13_16h28.09.951,untitled,,2025.1.1,59.89630754560734,2025-11-13 16h28.23.966103 +0530,
0.1,1000,exp,48,0,4,space,0.9942823000019416,None,300,1,[2.180784499971196],[2.1808008999796584],4,0,48,6,225.82896030007396,,225.8131523000775,225.82896030007396,226.81214729999192,226.81214729999192,226.82868749997579,227.8126615000656,space,0.9942823000019416,None,227.81358760001604,227.91199726664152,228.21783890004735,228.20624740002677,228.20680960000027,228.21783890004735,228.21783890004735,228.21783890004735,230.3990745000774,300,1,[2.180784499971196],[2.1808008999796584],1,001,2025-11-13_16h28.09.951,untitled,,2025.1.1,59.89630754560734,2025-11-13 16h28.23.966103 +0530,
0.7,1000,exp,49,1,4,space,0.7517589000053704,None,500,1,[3.8892374000279233],[3.889250800013542],4,1,49,11,230.41188879997935,,230.3994749999838,230.41188879997935,231.41207510000095,231.41207510000095,231.41207510000095,232.17941079998855,space,0.7517589000053704,None,232.18056880007498,232.89538746670976,233.20777930004988,233.1973852000665,233.19797700003255,233.20777930004988,233.20777930004988,233.20777930004988,237.09745310002472,500,1,[3.8892374000279233],[3.889250800013542],1,001,2025-11-13_16h28.09.951,untitled,,2025.1.1,59.89630754560734,2025-11-13 16h28.23.966103 +0530,
0.4,400,unexp,50,2,4,space,0.28852860000915825,None,400,1,[2.6089109000749886],[2.60892930009868],4,2,50,1,237.11255610000808,,237.0977792000631,237.11255610000808,238.11147080000956,238.11147080000956,238.11147080000956,238.41325310000684,space,0.28852860000915825,None,238.41494879999664,238.82855726668302,239.13883599999826,239.12812860007398,239.12875939998776,239.13883599999826,239.13883599999826,239.13883599999826,241.74832880008034,400,1,[2.6089109000749886],[2.60892930009868],1,001,2025-11-13_16h28.09.951,untitled,,2025.1.1,59.89630754560734,2025-11-13 16h28.23.966103 +0530,
0.1,1000,exp,51,3,4,space,0.6738002999918535,None,300,1,[2.205293199978769],[2.205302400048822],4,3,51,3,241.7618930999888,,241.74877250008285,241.7618930999888,242.76204150007106,242.76204150007106,242.76204150007106,243.4460866000736,space,0.6738002999918535,None,243.44752140005585,243.54533286666654,243.85734730004333,243.8463941999944,243.8470317000756,243.85734730004333,243.85734730004333,243.85734730004333,246.06295679998584,300,1,[2.205293199978769],[2.205302400048822],1,001,2025-11-13_16h28.09.951,untitled,,2025.1.1,59.89630754560734,2025-11-13 16h28.23.966103 +0530,
0.4,1000,exp,52,4,4,space,0.41489969997201115,None,400,1,[2.418082999996841],[2.4180951999733225],4,4,52,4,246.07876449998002,,246.0632402000483,246.07876449998002,247.06216139998287,247.06216139998287,247.07875340001192,247.47904140001629,space,0.41489969997201115,None,247.48043830005918,247.8792844666789,248.1950190999778,248.17906470003072,248.17953920003492,248.1950190999778,248.1950190999778,248.1950190999778,250.6134955000598,400,1,[2.418082999996841],[2.4180951999733225],1,001,2025-11-13_16h28.09.951,untitled,,2025.1.1,59.89630754560734,2025-11-13 16h28.23.966103 +0530,
0.1,400,unexp,53,5,4,space,0.663631199975498,None,200,1,[2.555143399978988],[2.5551553000696003],4,5,53,0,250.62825820001308,,250.61380320007447,250.62825820001308,251.6288915000623,251.6288915000623,251.6288915000623,252.29585160000715,space,0.663631199975498,None,252.29668939998373,252.39509826671954,252.70791260001715,252.69868410006166,252.69922950002365,252.70791260001715,252.70791260001715,252.70791260001715,255.263442400028,200,1,[2.555143399978988],[2.5551553000696003],1,001,2025-11-13_16h28.09.951,untitled,,2025.1.1,59.89630754560734,2025-11-13 16h28.23.966103 +0530,
0.7,400,unexp,54,6,4,space,0.4681904000462964,None,500,1,[2.5096421000780538],[2.5096532000461593],4,6,54,2,255.27832749998197,,255.26369290007278,255.27832749998197,256.2789000000339,256.2789000000339,256.2789000000339,256.7490198999876,space,0.4681904000462964,None,256.75028110004496,257.461374366718,257.76949590002187,257.75735860003624,257.7578095999779,257.76949590002187,257.76949590002187,257.76949590002187,260.27949310000986,500,1,[2.5096421000780538],[2.5096532000461593],1,001,2025-11-13_16h28.09.951,untitled,,2025.1.1,59.89630754560734,2025-11-13 16h28.23.966103 +0530,
0.4,1000,exp,55,7,4,space,0.4607057999819517,None,200,1,[2.0909483999712393],[2.09096329996828],4,7,55,7,260.29496420000214,,260.2797406000318,260.29496420000214,261.2954191999743,261.2954191999743,261.2954191999743,261.76353390002623,space,0.4607057999819517,None,261.7650638000341,262.1787246666538,262.48811120004393,262.4775459000375,262.4782413999783,262.48811120004393,262.48811120004393,262.48811120004393,264.5794186000712,200,1,[2.0909483999712393],[2.09096329996828],1,001,2025-11-13_16h28.09.951,untitled,,2025.1.1,59.89630754560734,2025-11-13 16h28.23.966103 +0530,
0.1,1000,exp,56,8,4,space,0.45699569990392774,None,100,1,[3.106963000027463],[3.1070068000117317],4,8,56,9,264.595104200067,,264.5796579000307,264.595104200067,265.5788898000028,265.5788898000028,265.5951864999952,266.045900600031,space,0.45699569990392774,None,266.046929400065,266.1452879666506,266.4571681000525,266.44733090000227,266.4479708999861,266.4571681000525,266.4571681000525,266.4571681000525,269.56483260006644,100,1,[3.106963000027463],[3.1070068000117317],1,001,2025-11-13_16h28.09.951,untitled,,2025.1.1,59.89630754560734,2025-11-13 16h28.23.966103 +0530,
0.7,1000,exp,57,9,4,space,0.42119069991167635,None,300,1,[2.291505500092171],[2.2915277000283822],4,9,57,8,269.57864540000446,,269.56527400005143,269.57864540000446,270.5784099000739,270.5784099000739,270.5784099000739,271.01343789999373,space,0.42119069991167635,None,271.0151684000157,271.728212866645,272.0386863000458,272.02625800005626,272.0280335000716,272.0386863000458,272.0386863000458,272.0386863000458,274.3307443000376,300,1,[2.291505500092171],[2.2915277000283822],1,001,2025-11-13_16h28.09.951,untitled,,2025.1.1,59.89630754560734,2025-11-13 16h28.23.966103 +0530,
0.7,1000,exp,58,10,4,space,0.4371735999593511,None,400,1,[2.0238346999976784],[2.02384829998482],4,10,58,5,274.34529520000797,,274.3310388000682,274.34529520000797,275.34543990006205,275.34543990006205,275.34543990006205,275.7955490000313,space,0.4371735999593511,None,275.79635120008606,276.49460816668966,276.80726220004726,276.7969871000387,276.7976216999814,276.80726220004726,276.80726220004726,276.80726220004726,278.83149900007993,400,1,[2.0238346999976784],[2.02384829998482],1,001,2025-11-13_16h28.09.951,untitled,,2025.1.1,59.89630754560734,2025-11-13 16h28.23.966103 +0530,
0.4,1000,exp,59,11,4,space,1.245753200026229,None,500,1,[2.712543400004506],[2.7125546999741346],4,11,59,10,278.8452374000335,,278.831801500055,278.8452374000335,279.84496280003805,279.84496280003805,279.84496280003805,281.09631080005784,space,1.245753200026229,None,281.09747300005984,281.5116982666698,281.8177323000273,281.80614400003105,281.8067715000361,281.8177323000273,281.8177323000273,281.8177323000273,284.53071690001525,500,1,[2.712543400004506],[2.7125546999741346],1,001,2025-11-13_16h28.09.951,untitled,,2025.1.1,59.89630754560734,2025-11-13 16h28.23.966103 +0530,
0.7,1000,exp,60,0,5,space,0.37094130006153136,None,900,1,[1.9222123000072315],[1.9222227999707684],5,0,60,5,284.5450042000739,,284.5310709000332,284.5450042000739,285.54620680003427,285.54620680003427,285.54620680003427,285.92922739998903,space,0.37094130006153136,None,285.9306399000343,286.6452433666602,286.9571270000888,286.94674160005525,286.94733920006547,286.9571270000888,286.9571270000888,286.9571270000888,288.87968830007594,900,1,[1.9222123000072315],[1.9222227999707684],1,001,2025-11-13_16h28.09.951,untitled,,2025.1.1,59.89630754560734,2025-11-13 16h28.23.966103 +0530,
0.1,1000,exp,61,1,5,space,0.48680529999546707,None,250,1,[4.70967060001567],[4.709684700006619],5,1,61,6,288.89446380001027,,288.87998289999086,288.89446380001027,289.8790882000467,289.8790882000467,289.8953209000174,290.37968330003787,space,0.48680529999546707,None,290.38090009998996,290.4788114666628,290.788627400063,290.7787476000376,290.7792883000802,290.788627400063,290.788627400063,290.788627400063,295.49868810002226,250,1,[4.70967060001567],[4.709684700006619],1,001,2025-11-13_16h28.09.951,untitled,,2025.1.1,59.89630754560734,2025-11-13 16h28.23.966103 +0530,
0.4,1000,exp,62,2,5,space,0.40247689990792423,None,300,1,[2.5749132999917492],[2.5749249000800774],5,2,62,10,295.5118612999795,,295.49904830008745,295.5118612999795,296.51242320006713,296.51242320006713,296.51242320006713,296.929148400086,space,0.40247689990792423,None,296.9300695999991,297.3286136666468,297.63744670001324,297.62641690007877,297.6273517999798,297.63744670001324,297.63744670001324,297.63744670001324,300.2126933999825,300,1,[2.5749132999917492],[2.5749249000800774],1,001,2025-11-13_16h28.09.951,untitled,,2025.1.1,59.89630754560734,2025-11-13 16h28.23.966103 +0530,
0.1,400,unexp,63,3,5,space,1.3716305000707507,None,150,1,[5.3430947999004275],[5.343106299987994],5,3,63,0,300.22835590003524,,300.21292780002113,300.22835590003524,301.2121792000253,301.2121792000253,301.22856359998696,302.5979735000292,space,1.3716305000707507,None,302.59947860008106,302.71155906672743,303.0201100000413,303.0074695000658,303.00813289999496,303.0201100000413,303.0201100000413,303.0201100000413,308.3636687999824,150,1,[5.3430947999004275],[5.343106299987994],1,001,2025-11-13_16h28.09.951,untitled,,2025.1.1,59.89630754560734,2025-11-13 16h28.23.966103 +0530,
0.7,1000,exp,64,4,5,space,0.27325829991605133,None,550,1,[2.609390400000848],[2.6094012000830844],5,4,64,11,308.3784755000379,,308.36395969998557,308.3784755000379,309.37883080006577,309.37883080006577,309.37883080006577,309.6630853000097,space,0.27325829991605133,None,309.66408050002065,310.36225806671814,310.6703328000149,310.65875409997534,310.6593459000578,310.6703328000149,310.6703328000149,310.6703328000149,313.28035240003373,550,1,[2.609390400000848],[2.6094012000830844],1,001,2025-11-13_16h28.09.951,untitled,,2025.1.1,59.89630754560734,2025-11-13 16h28.23.966103 +0530,
0.7,400,unexp,65,5,5,space,0.5268772999988869,None,750,1,[2.8928317999234423],[2.892848699935712],5,5,65,2,313.29419010004494,,313.28083330008667,313.29419010004494,314.2955956000369,314.2955956000369,314.2955956000369,314.8297628000146,space,0.5268772999988869,None,314.8306735000806,315.5288259667034,315.837557699997,315.8273564000847,315.8280275000725,315.837557699997,315.837557699997,315.837557699997,318.7308857999742,750,1,[2.8928317999234423],[2.892848699935712],1,001,2025-11-13_16h28.09.951,untitled,,2025.1.1,59.89630754560734,2025-11-13 16h28.23.966103 +0530,
0.4,1000,exp,66,6,5,space,0.8691579001024365,None,300,1,[2.339259000029415],[2.339270700002089],5,6,66,4,318.74527120008133,,318.7312294000294,318.74527120008133,319.7455085000256,319.7455085000256,319.7455085000256,320.6294390000403,space,0.8691579001024365,None,320.6311075000558,321.02860606665877,321.340784,321.3292706999928,321.32996110001113,321.340784,321.340784,321.340784,323.68052230007015,300,1,[2.339259000029415],[2.339270700002089],1,001,2025-11-13_16h28.09.951,untitled,,2025.1.1,59.89630754560734,2025-11-13 16h28.23.966103 +0530,
0.4,1000,exp,67,7,5,space,0.4209434000076726,None,250,1,[2.2748775999061763],[2.2749012999702245],5,7,67,7,323.6948321000673,,323.6810454999795,323.6948321000673,324.6953161000274,324.6953161000274,324.6953161000274,325.1296579000773,space,0.4209434000076726,None,325.13108010008,325.5453438667503,325.8561478999909,325.84550360008143,325.84627119998913,325.8561478999909,325.8561478999909,325.8561478999909,328.1316760000773,250,1,[2.2748775999061763],[2.2749012999702245],1,001,2025-11-13_16h28.09.951,untitled,,2025.1.1,59.89630754560734,2025-11-13 16h28.23.966103 +0530,
0.1,1000,exp,68,8,5,space,0.3455595000414178,None,300,1,[2.5237793000414968],[2.523790300008841],5,8,68,3,328.1450406999793,,328.13212010008283,328.1450406999793,329.1455183000071,329.1455183000071,329.1455183000071,329.49609110003803,space,0.3455595000414178,None,329.49690810008906,329.5952248667056,329.90610080002807,329.8954000000376,329.8961657000473,329.90610080002807,329.90610080002807,329.90610080002807,332.430285200011,300,1,[2.5237793000414968],[2.523790300008841],1,001,2025-11-13_16h28.09.951,untitled,,2025.1.1,59.89630754560734,2025-11-13 16h28.23.966103 +0530,
0.7,1000,exp,69,9,5,space,0.33605670009274036,None,350,1,[3.1309862000634894],[3.1309976000338793],5,9,69,8,332.44498740008567,,332.4306241000304,332.44498740008567,333.4453304000199,333.4453304000199,333.4453304000199,333.79619290004484,space,0.33605670009274036,None,333.7971915000817,334.5117008666896,334.81454900000244,334.80519029998686,334.80559910007287,334.81454900000244,334.81454900000244,334.81454900000244,337.9460631000111,350,1,[3.1309862000634894],[3.1309976000338793],1,001,2025-11-13_16h28.09.951,untitled,,2025.1.1,59.89630754560734,2025-11-13 16h28.23.966103 +0530,
0.4,400,unexp,70,10,5,space,0.38475750002544373,None,500,1,[1.9781204001046717],[1.9781334000872448],5,10,70,1,337.9617088000523,,337.9463154000696,337.9617088000523,338.9456945999991,338.9456945999991,338.9622255000286,339.3463802000042,space,0.38475750002544373,None,339.34764430008363,339.76180936670085,340.0689407000318,340.05793050001375,340.0584351000143,340.0689407000318,340.0689407000318,340.0689407000318,342.04748990002554,500,1,[1.9781204001046717],[1.9781334000872448],1,001,2025-11-13_16h28.09.951,untitled,,2025.1.1,59.89630754560734,2025-11-13 16h28.23.966103 +0530,
0.1,1000,exp,71,11,5,space,0.39450439997017384,None,300,1,[1.6796905000228435],[1.6797097000526264],5,11,71,9,342.0616392000811,,342.04799340001773,342.0616392000811,343.0618791000452,343.0618791000452,343.0618791000452,343.46294790005777,space,0.39450439997017384,None,343.4645367000485,343.5621208666746,343.86638640007004,343.85578009998426,343.8562721000053,343.86638640007004,343.86638640007004,343.86638640007004,345.54655020008795,300,1,[1.6796905000228435],[1.6797097000526264],1,001,2025-11-13_16h28.09.951,untitled,,2025.1.1,59.89630754560734,2025-11-13 16h28.23.966103 +0530,
0.7,1000,exp,72,0,6,space,0.32433930004481226,None,600,1,[3.2933544999687],[3.293367899954319],6,0,72,8,345.5622723000124,,345.546883800067,345.5622723000124,346.56132239999715,346.56132239999715,346.56132239999715,346.89627240004484,space,0.32433930004481226,None,346.89778950007167,347.611767366707,347.91928450006526,347.90706050000153,347.9075324999867,347.91928450006526,347.91928450006526,347.91928450006526,351.213076199987,600,1,[3.2933544999687],[3.293367899954319],1,001,2025-11-13_16h28.09.951,untitled,,2025.1.1,59.89630754560734,2025-11-13 16h28.23.966103 +0530,
0.1,1000,exp,73,1,6,space,0.45406890008598566,None,500,1,[3.1256320000393316],[3.125646600034088],6,1,73,3,351.22807279997505,,351.21345610008575,351.22807279997505,352.22800790006295,352.22800790006295,352.22800790006295,352.69743549998384,space,0.45406890008598566,None,352.6980437000748,352.8118727666481,353.12135340005625,353.1088575000176,353.1094815999968,353.12135340005625,353.12135340005625,353.12135340005625,356.2474738000892,500,1,[3.1256320000393316],[3.125646600034088],1,001,2025-11-13_16h28.09.951,untitled,,2025.1.1,59.89630754560734,2025-11-13 16h28.23.966103 +0530,
0.4,1000,exp,74,2,6,space,0.3876330000348389,None,500,1,[2.889537899987772],[2.8895509000867605],6,2,74,7,356.2618676000275,,356.2478563999757,356.2618676000275,357.26198559999466,357.26198559999466,357.26198559999466,357.6628952000756,space,0.3876330000348389,None,357.66409570001997,358.0784993667078,358.3895685999887,358.37863060005475,358.37930280005094,358.3895685999887,358.3895685999887,358.3895685999887,361.2794412000803,500,1,[2.889537899987772],[2.8895509000867605],1,001,2025-11-13_16h28.09.951,untitled,,2025.1.1,59.89630754560734,2025-11-13 16h28.23.966103 +0530,
0.7,400,unexp,75,3,6,space,0.48995039996225387,None,25-0,1,[3.150595000013709],[3.150606599985622],6,3,75,2,361.2947771999752,,361.2797113000415,361.2947771999752,362.27866000006907,362.27866000006907,362.29556940007024,362.77960230002645,space,0.48995039996225387,None,362.7808270000387,363.4952004666595,363.81175940006506,363.7962017999962,363.7967791000847,363.81175940006506,363.81175940006506,363.81175940006506,366.96269910002593,25-0,1,[3.150595000013709],[3.150606599985622],1,001,2025-11-13_16h28.09.951,untitled,,2025.1.1,59.89630754560734,2025-11-13 16h28.23.966103 +0530,
0.7,1000,exp,76,4,6,space,0.7969686000142246,None,700,1,[2.1607379000633955],[2.1607516000512987],6,4,76,5,366.97883450007066,,366.9629839999834,366.97883450007066,367.96200210007373,367.96200210007373,367.97879990004003,368.76241409999784,space,0.7969686000142246,None,368.76349330006633,369.46234836668395,369.76845350000076,369.75692339998204,369.7575448000571,369.76845350000076,369.76845350000076,369.76845350000076,371.92973209999036,700,1,[2.1607379000633955],[2.1607516000512987],1,001,2025-11-13_16h28.09.951,untitled,,2025.1.1,59.89630754560734,2025-11-13 16h28.23.966103 +0530,
0.1,400,unexp,77,5,6,space,0.9579545999877155,None,300,1,[2.572353900060989],[2.5723744001006708],6,5,77,0,371.944581400021,,371.9300745000364,371.944581400021,372.9322579000145,372.9322579000145,372.94963420007844,373.90054860000964,space,0.9579545999877155,None,373.90143010008615,374.00004896667474,374.30833540007006,374.2951961000217,374.2957780000288,374.30833540007006,374.30833540007006,374.30833540007006,376.8812310000649,300,1,[2.572353900060989],[2.5723744001006708],1,001,2025-11-13_16h28.09.951,untitled,,2025.1.1,59.89630754560734,2025-11-13 16h28.23.966103 +0530,
0.4,400,unexp,78,6,6,space,0.4053266999544576,None,700,1,[3.844096399960108],[3.8441145999822766],6,6,78,1,376.8953041000059,,376.8815897000022,376.8953041000059,377.8951302000787,377.8951302000787,377.8951302000787,378.3124100000132,space,0.4053266999544576,None,378.3133500000695,378.712005266749,379.0203136000782,379.008814800065,379.00937480002176,379.0203136000782,379.0203136000782,379.0203136000782,382.8648724000668,700,1,[3.844096399960108],[3.8441145999822766],1,001,2025-11-13_16h28.09.951,untitled,,2025.1.1,59.89630754560734,2025-11-13 16h28.23.966103 +0530,
0.1,1000,exp,79,7,6,space,0.3164434999926016,None,100,1,[1.9110723999328911],[1.9110885999398306],6,7,79,9,382.87864220002666,,382.8651619000593,382.87864220002666,383.87841330002993,383.87841330002993,383.87841330002993,384.19589370000176,space,0.3164434999926016,None,384.19705570000224,384.29509816674204,384.601212700014,384.5888502000598,384.5892463000491,384.601212700014,384.601212700014,384.601212700014,386.51278039999306,100,1,[1.9110723999328911],[1.9110885999398306],1,001,2025-11-13_16h28.09.951,untitled,,2025.1.1,59.89630754560734,2025-11-13 16h28.23.966103 +0530,
0.4,1000,exp,80,8,6,space,0.3102464999537915,None,600,1,[2.7100128999445587],[2.7100231000222266],6,8,80,10,386.5283689000644,,386.5131443000864,386.5283689000644,387.52834199997596,387.52834199997596,387.52834199997596,387.84551050001755,space,0.3102464999537915,None,387.84617050003726,388.24543866672707,388.55214050004724,388.5394353000447,388.54015989997424,388.55214050004724,388.55214050004724,388.55214050004724,391.2624599999981,600,1,[2.7100128999445587],[2.7100231000222266],1,001,2025-11-13_16h28.09.951,untitled,,2025.1.1,59.89630754560734,2025-11-13 16h28.23.966103 +0530,
0.4,1000,exp,81,9,6,space,0.2768777000019327,None,750,1,[3.0710119999712333],[3.0710243999492377],6,9,81,4,391.27840670000296,,391.26271080004517,391.27840670000296,392.26223530003335,392.26223530003335,392.27880309999455,392.5458362000063,space,0.2768777000019327,None,392.5470812000567,392.945455466692,393.2578994000796,393.2478534000693,393.24840350006707,393.2578994000796,393.2578994000796,393.2578994000796,396.32931910001207,750,1,[3.0710119999712333],[3.0710243999492377],1,001,2025-11-13_16h28.09.951,untitled,,2025.1.1,59.89630754560734,2025-11-13 16h28.23.966103 +0530,
0.7,1000,exp,82,10,6,space,0.48232119996100664,None,800,1,[2.594701800029725],[2.5947191999293864],6,10,82,11,396.3453835999826,,396.3296502000885,396.3453835999826,397.3286805000389,397.3286805000389,397.3457627000753,397.81388969998807,space,0.48232119996100664,None,397.8148726000218,398.528460566715,398.83658630005084,398.826000400004,398.8265856000362,398.83658630005084,398.83658630005084,398.83658630005084,401.43182860000525,800,1,[2.594701800029725],[2.5947191999293864],1,001,2025-11-13_16h28.09.951,untitled,,2025.1.1,59.89630754560734,2025-11-13 16h28.23.966103 +0530,
0.1,1000,exp,83,11,6,space,0.32281509996391833,None,400,1,[2.881286000018008],[2.8813006000127643],6,11,83,6,401.4450874000322,,401.43221670005005,401.4450874000322,402.44516050000675,402.44516050000675,402.44516050000675,402.77999940002337,space,0.32281509996391833,None,402.78145660005976,402.89446456666724,403.2003086999757,403.18908170005307,403.1895980000263,403.2003086999757,403.2003086999757,403.2003086999757,406.08201280003414,400,1,[2.881286000018008],[2.8813006000127643],1,001,2025-11-13_16h28.09.951,untitled,,2025.1.1,59.89630754560734,2025-11-13 16h28.23.966103 +0530,
0.7,1000,exp,84,0,7,space,0.8298822001088411,None,950,1,[4.22233200003393],[4.222343900008127],7,0,84,8,406.0951215000823,,406.08234550000634,406.0951215000823,407.0948721000459,407.0948721000459,407.0948721000459,407.9290166000137,space,0.8298822001088411,None,407.9299467999954,408.62883566675396,408.9397566000698,408.9293077000184,408.92993129999377,408.9397566000698,408.9397566000698,408.9397566000698,413.16242130007595,950,1,[4.22233200003393],[4.222343900008127],1,001,2025-11-13_16h28.09.951,untitled,,2025.1.1,59.89630754560734,2025-11-13 16h28.23.966103 +0530,
0.1,400,unexp,85,1,7,space,0.7898318000370637,None,250,1,[3.0228728000074625],[3.022886900114827],7,1,85,0,413.178083900013,,413.16263290005736,413.178083900013,414.1786893000826,414.1786893000826,414.1786893000826,414.978474500007,space,0.7898318000370637,None,414.9792613000609,415.078057866722,415.3894956000149,415.378870000015,415.37940129998606,415.3894956000149,415.3894956000149,415.3894956000149,418.4127410000656,250,1,[3.0228728000074625],[3.022886900114827],1,001,2025-11-13_16h28.09.951,untitled,,2025.1.1,59.89630754560734,2025-11-13 16h28.23.966103 +0530,
0.1,1000,exp,86,2,7,space,0.2633371000410989,None,200,1,[4.158338999957778],[4.158349800040014],7,2,86,3,418.42829409998376,,418.4129999000579,418.42829409998376,419.41213180008344,419.41213180008344,419.4284583000699,419.67930600000545,space,0.2633371000410989,None,419.68020380008966,419.77866386674964,420.08842580008786,420.07909350004047,420.0795258000726,420.08842580008786,420.08842580008786,420.08842580008786,424.2471657000715,200,1,[4.158338999957778],[4.158349800040014],1,001,2025-11-13_16h28.09.951,untitled,,2025.1.1,59.89630754560734,2025-11-13 16h28.23.966103 +0530,
0.4,1000,exp,87,3,7,space,0.28444090008269995,None,400,1,[2.57644109998364],[2.576452700071968],7,3,87,4,424.2616445000749,,424.24746900005266,424.2616445000749,425.2619803000707,425.2619803000707,425.2619803000707,425.54842030000873,space,0.28444090008269995,None,425.54963650007267,425.9621883667462,426.2700014000293,426.2585059000412,426.2589543000795,426.2700014000293,426.2700014000293,426.2700014000293,428.8468319000676,400,1,[2.57644109998364],[2.576452700071968],1,001,2025-11-13_16h28.09.951,untitled,,2025.1.1,59.89630754560734,2025-11-13 16h28.23.966103 +0530,
0.7,1000,exp,88,4,7,space,0.46885540010407567,None,650,1,[3.482378900051117],[3.4823991000885144],7,4,88,5,428.86169559997506,,428.847126299981,428.86169559997506,429.86231400002725,429.86231400002725,429.86231400002725,430.3461772000883,space,0.46885540010407567,None,430.3472516000038,431.06162816664823,431.3662132000318,431.3556538000703,431.35609040001873,431.3662132000318,431.3662132000318,431.3662132000318,434.8491802000208,650,1,[3.482378900051117],[3.4823991000885144],1,001,2025-11-13_16h28.09.951,untitled,,2025.1.1,59.89630754560734,2025-11-13 16h28.23.966103 +0530,
0.4,1000,exp,89,5,7,space,0.40237080003134906,None,600,1,[3.2065361998975277],[3.2065472999820486],7,5,89,10,434.8617567999754,,434.84968770004343,434.8617567999754,435.8619040000485,435.8619040000485,435.8619040000485,436.2796806000406,space,0.40237080003134906,None,436.280625400017,436.678964266732,436.98992169997655,436.9793911000015,436.9799693999812,436.98992169997655,436.98992169997655,436.98992169997655,440.1968857999891,600,1,[3.2065361998975277],[3.2065472999820486],1,001,2025-11-13_16h28.09.951,untitled,,2025.1.1,59.89630754560734,2025-11-13 16h28.23.966103 +0530,
0.7,400,unexp,90,6,7,space,0.7009007999440655,None,850,1,[2.3051315000047907],[2.305152300046757],7,6,90,2,440.21157719998155,,440.19712270004675,440.21157719998155,441.2117059000302,441.2117059000302,441.2117059000302,441.9283545999788,space,0.7009007999440655,None,441.9291023000842,442.62826956675076,442.9428399000317,442.92854069999885,442.92935360001866,442.9428399000317,442.9428399000317,442.9428399000317,445.24858000001404,850,1,[2.3051315000047907],[2.305152300046757],1,001,2025-11-13_16h28.09.951,untitled,,2025.1.1,59.89630754560734,2025-11-13 16h28.23.966103 +0530,
0.1,1000,exp,91,7,7,space,0.2811863999813795,None,500,1,[2.240255399956368],[2.2402631000149995],7,7,91,9,445.2617739000125,,445.24913340003695,445.2617739000125,446.26155410008505,446.26155410008505,446.26155410008505,446.54559470003005,space,0.2811863999813795,None,446.5464098000666,446.6450237667343,446.95593960001133,446.94613280007616,446.94661770004313,446.95593960001133,446.95593960001133,446.95593960001133,449.19650870002806,500,1,[2.240255399956368],[2.2402631000149995],1,001,2025-11-13_16h28.09.951,untitled,,2025.1.1,59.89630754560734,2025-11-13 16h28.23.966103 +0530,
0.4,1000,exp,92,8,7,space,0.30374280002433807,None,600,1,[2.559435399947688],[2.5594435000093654],7,8,92,7,449.21163410006557,,449.19673149997834,449.21163410006557,450.21170059998985,450.21170059998985,450.21170059998985,450.5287929000333,space,0.30374280002433807,None,450.52950810000766,450.9283497667095,451.2362280000234,451.22600350005087,451.2264042000752,451.2362280000234,451.2362280000234,451.2362280000234,453.79594290000387,600,1,[2.559435399947688],[2.5594435000093654],1,001,2025-11-13_16h28.09.951,untitled,,2025.1.1,59.89630754560734,2025-11-13 16h28.23.966103 +0530,
0.7,1000,exp,93,9,7,space,0.8018401999725029,None,300,1,[2.359006000100635],[2.359021700103767],7,9,93,11,453.81192680005915,,453.7961869999999,453.81192680005915,454.7953443999868,454.7953443999868,454.81179349997547,455.6129565000301,space,0.8018401999725029,None,455.6141643000301,456.32871206669756,456.63812070002314,456.6275689000031,456.62830640003085,456.63812070002314,456.63812070002314,456.63812070002314,458.9975339000812,300,1,[2.359006000100635],[2.359021700103767],1,001,2025-11-13_16h28.09.951,untitled,,2025.1.1,59.89630754560734,2025-11-13 16h28.23.966103 +0530,
0.4,400,unexp,94,10,7,space,0.9839380000485107,None,500,1,[3.091760199982673],[3.0917723000748083],7,10,94,1,459.01183970004786,,458.99784880003426,459.01183970004786,460.0122368000448,460.0122368000448,460.0122368000448,461.01369140006136,space,0.9839380000485107,None,461.01476310007274,461.42850976664727,461.7381716000382,461.7282828000607,461.7289865000639,461.7381716000382,461.7381716000382,461.7381716000382,464.83047669997904,500,1,[3.091760199982673],[3.0917723000748083],1,001,2025-11-13_16h28.09.951,untitled,,2025.1.1,59.89630754560734,2025-11-13 16h28.23.966103 +0530,
0.1,1000,exp,95,11,7,space,0.9499342999188229,None,400,1,[3.259865100029856],[3.2598820000421256],7,11,95,6,464.84436049999204,,464.8308141999878,464.84436049999204,465.84505180001725,465.84505180001725,465.84505180001725,466.79555100004654,space,0.9499342999188229,None,466.79635980003513,466.89486406668243,467.2033881000243,467.1937462000642,467.19442359998357,467.2033881000243,467.2033881000243,467.2033881000243,470.4637519000098,400,1,[3.259865100029856],[3.2598820000421256],1,001,2025-11-13_16h28.09.951,untitled,,2025.1.1,59.89630754560734,2025-11-13 16h28.23.966103 +0530,
0.7,1000,exp,96,0,8,space,0.4694850000087172,None,850,1,[2.5795869000721723],[2.5795997000532225],8,0,96,11,470.4783382000169,,470.4643170000054,470.4783382000169,471.4783819000004,471.4783819000004,471.4783819000004,471.9623212000588,space,0.4694850000087172,None,471.9629231999861,472.6616907667524,472.96692839998286,472.9572020000778,472.95759180001915,472.96692839998286,472.96692839998286,472.96692839998286,475.54689660004806,850,1,[2.5795869000721723],[2.5795997000532225],1,001,2025-11-13_16h28.09.951,untitled,,2025.1.1,59.89630754560734,2025-11-13 16h28.23.966103 +0530,
0.7,1000,exp,97,1,8,space,0.4172783000394702,None,700,1,[2.737782399985008],[2.737794899963774],8,1,97,8,475.564074599999,,475.5472044000635,475.564074599999,476.56174540007487,476.56174540007487,476.57821130007505,476.9955809999956,space,0.4172783000394702,None,476.99636170000304,477.69483006670293,478.0084390999982,477.99944030004553,477.99990910000633,478.0084390999982,478.0084390999982,478.0084390999982,480.7465959000401,700,1,[2.737782399985008],[2.737794899963774],1,001,2025-11-13_16h28.09.951,untitled,,2025.1.1,59.89630754560734,2025-11-13 16h28.23.966103 +0530,
0.4,1000,exp,98,2,8,space,0.8080736000556499,None,600,1,[4.156068200012669],[4.156079999986105],8,2,98,7,480.7616049000062,,480.74691220000386,480.7616049000062,481.7616437000688,481.7616437000688,481.7616437000688,482.5789963999996,space,0.8080736000556499,None,482.57980940002017,482.9782060667096,483.29042119998485,483.2790969000198,483.2797062000027,483.29042119998485,483.29042119998485,483.29042119998485,487.4469288000837,600,1,[4.156068200012669],[4.156079999986105],1,001,2025-11-13_16h28.09.951,untitled,,2025.1.1,59.89630754560734,2025-11-13 16h28.23.966103 +0530,
0.1,1000,exp,99,3,8,space,0.23995760001707822,None,250,1,[2.926028999965638],[2.9260371999116614],8,3,99,9,487.4616006000433,,487.4472502000863,487.4616006000433,488.46164810005575,488.46164810005575,488.46164810005575,488.71227450005244,space,0.23995760001707822,None,488.7129654000746,488.81154896674366,489.1196584000718,489.1077509999741,489.10823050001636,489.1196584000718,489.1196584000718,489.1196584000718,492.0459980000742,250,1,[2.926028999965638],[2.9260371999116614],1,001,2025-11-13_16h28.09.951,untitled,,2025.1.1,59.89630754560734,2025-11-13 16h28.23.966103 +0530,
0.7,1000,exp,100,4,8,space,0.2800612000282854,None,850,1,[2.9109924000222236],[2.911000399966724],8,4,100,5,492.0617028999841,,492.0462557000574,492.0617028999841,493.06115530000534,493.06115530000534,493.06115530000534,493.34547070006374,space,0.2800612000282854,None,493.34617030003574,494.044918166652,494.3518241000129,494.339311900083,494.33967979997396,494.3518241000129,494.3518241000129,494.3518241000129,497.26316129998304,850,1,[2.9109924000222236],[2.911000399966724],1,001,2025-11-13_16h28.09.951,untitled,,2025.1.1,59.89630754560734,2025-11-13 16h28.23.966103 +0530,
0.1,1000,exp,101,5,8,space,0.9046665999339893,None,180,1,[3.9894337999867275],[3.9894478000933304],8,5,101,6,497.2779199000215,,497.2634098000126,497.2779199000215,498.2782683999976,498.2782683999976,498.2782683999976,499.1954038999975,space,0.9046665999339893,None,499.1961803000886,499.29446966672936,499.6070607000729,499.59857460006606,499.5990120000206,499.6070607000729,499.6070607000729,499.6070607000729,503.59688770002685,180,1,[3.9894337999867275],[3.9894478000933304],1,001,2025-11-13_16h28.09.951,untitled,,2025.1.1,59.89630754560734,2025-11-13 16h28.23.966103 +0530,
0.1,400,unexp,102,6,8,space,0.28498550003860146,None,350,1,[2.462269000010565],[2.462281299987808],8,6,102,0,503.6116014000727,,503.5971823000582,503.6116014000727,504.61159270000644,504.61159270000644,504.61159270000644,504.9122259999858,space,0.28498550003860146,None,504.91306190006435,505.01147876674463,505.31755849998444,505.3068828000687,505.3072763000382,505.31755849998444,505.31755849998444,505.31755849998444,507.78029520006385,350,1,[2.462269000010565],[2.462281299987808],1,001,2025-11-13_16h28.09.951,untitled,,2025.1.1,59.89630754560734,2025-11-13 16h28.23.966103 +0530,
0.7,400,unexp,103,7,8,space,0.3819166000466794,None,900,1,[2.691736900014803],[2.6917471999768168],8,7,103,2,507.79498050000984,,507.7805947000161,507.79498050000984,508.7949843000388,508.7949843000388,508.7949843000388,509.1786718000658,space,0.3819166000466794,None,509.17948170006275,509.87825226673544,510.1876518999925,510.1780038999859,510.1785424000118,510.1876518999925,510.1876518999925,510.1876518999925,512.879687000066,900,1,[2.691736900014803],[2.6917471999768168],1,001,2025-11-13_16h28.09.951,untitled,,2025.1.1,59.89630754560734,2025-11-13 16h28.23.966103 +0530,
0.1,1000,exp,104,8,8,space,0.43071190000046045,None,500,1,[3.20883210003376],[3.2088487000437453],8,8,104,3,512.8949977000011,,512.8799058999866,512.8949977000011,513.8949481999734,513.8949481999734,513.8949481999734,514.328888899996,space,0.43071190000046045,None,514.3296737000346,514.4281256667493,514.7367544000736,514.728715699981,514.7292075000005,514.7367544000736,514.7367544000736,514.7367544000736,517.9460376000497,500,1,[3.20883210003376],[3.2088487000437453],1,001,2025-11-13_16h28.09.951,untitled,,2025.1.1,59.89630754560734,2025-11-13 16h28.23.966103 +0530,
0.4,1000,exp,105,9,8,space,0.6845073000295088,None,600,1,[2.1629555000690743],[2.1629652000265196],8,9,105,4,517.9615819000173,,517.9463784000836,517.9615819000173,518.9617153999861,518.9617153999861,518.9617153999861,519.6622464000247,space,0.6845073000295088,None,519.6631918000057,520.0614867667357,520.3661737000803,520.3550153999822,520.3554085000651,520.3661737000803,520.3661737000803,520.3661737000803,522.5298679000698,600,1,[2.1629555000690743],[2.1629652000265196],1,001,2025-11-13_16h28.09.951,untitled,,2025.1.1,59.89630754560734,2025-11-13 16h28.23.966103 +0530,
0.4,400,unexp,106,10,8,space,0.27981739991810173,None,360,1,[2.9437044999795035],[2.9437185000861064],8,10,106,1,522.5444970000535,,522.5302389999852,522.5444970000535,523.5448649000609,523.5448649000609,523.5448649000609,523.8289690000238,space,0.27981739991810173,None,523.829838900012,524.2281069666535,524.5348247999791,524.5268828000408,524.5272631000262,524.5348247999791,524.5348247999791,524.5348247999791,527.478981000022,360,1,[2.9437044999795035],[2.9437185000861064],1,001,2025-11-13_16h28.09.951,untitled,,2025.1.1,59.89630754560734,2025-11-13 16h28.23.966103 +0530,
0.4,1000,exp,107,11,8,space,0.5301628999877721,None,600,1,[2.59384639991913],[2.5938599999062717],8,11,107,10,527.4946812000126,,527.4793253000826,527.4946812000126,528.4784958000528,528.4784958000528,528.4959858000511,529.0124869000865,space,0.5301628999877721,None,529.0134652000852,529.4123584667143,529.7185574000468,529.7053215000778,529.705846900004,529.7185574000468,529.7185574000468,529.7185574000468,532.3128723000409,600,1,[2.59384639991913],[2.5938599999062717],1,001,2025-11-13_16h28.09.951,untitled,,2025.1.1,59.89630754560734,2025-11-13 16h28.23.966103 +0530,
0.7,400,unexp,108,0,9,space,0.8391454999800771,None,500,1,[4.093948199995793],[4.093959599966183],9,0,108,2,532.3279538999777,,532.3132116000634,532.3279538999777,533.3283403000096,533.3283403000096,533.3283403000096,534.178690000088,space,0.8391454999800771,None,534.1795253000455,534.8780818667185,535.1873728000792,535.1800498000812,535.1804122000467,535.1873728000792,535.1873728000792,535.1873728000792,539.282026299974,500,1,[4.093948199995793],[4.093959599966183],1,001,2025-11-13_16h28.09.951,untitled,,2025.1.1,59.89630754560734,2025-11-13 16h28.23.966103 +0530,
0.1,1000,exp,109,1,9,space,1.6003504000836983,None,300,1,[2.666924100019969],[2.666937500005588],9,1,109,3,539.2952463000547,,539.2824439000105,539.2952463000547,540.2952225999907,540.2952225999907,540.2952225999907,541.8983517000452,space,1.6003504000836983,None,541.8994217000436,542.012968966683,542.328975200071,542.3141377000138,542.3149926000042,542.328975200071,542.328975200071,542.328975200071,544.996360899997,300,1,[2.666924100019969],[2.666937500005588],1,001,2025-11-13_16h28.09.951,untitled,,2025.1.1,59.89630754560734,2025-11-13 16h28.23.966103 +0530,
0.4,1000,exp,110,2,9,space,1.7641718999948353,None,400,1,[2.617891200003214],[2.6179030999774113],9,2,110,7,545.011478499975,,544.9966435000533,545.011478499975,546.0119114000117,546.0119114000117,546.0119114000117,547.7792253000662,space,1.7641718999948353,None,547.780221400084,548.1785491667144,548.4937895999756,548.47639169998,548.4773437000113,548.4937895999756,548.4937895999756,548.4937895999756,551.1120717000449,400,1,[2.617891200003214],[2.6179030999774113],1,001,2025-11-13_16h28.09.951,untitled,,2025.1.1,59.89630754560734,2025-11-13 16h28.23.966103 +0530,
0.1,1000,exp,111,3,9,space,0.3876305000158027,None,500,1,[2.556987800053321],[2.5570016000419855],9,3,111,9,551.128207599977,,551.1123927000444,551.128207599977,552.1117370000575,552.1117370000575,552.128317499999,552.5130631000502,space,0.3876305000158027,None,552.514927100041,552.6288926667223,552.938797699986,552.9275420000777,552.9283474000404,552.938797699986,552.938797699986,552.938797699986,555.496257700026,500,1,[2.556987800053321],[2.5570016000419855],1,001,2025-11-13_16h28.09.951,untitled,,2025.1.1,59.89630754560734,2025-11-13 16h28.23.966103 +0530,
0.4,400,unexp,112,4,9,space,0.351699500111863,None,700,1,[2.1415443000150844],[2.141554999980144],9,4,112,1,555.5112496999791,,555.4966297000647,555.5112496999791,556.5115166000323,556.5115166000323,556.5115166000323,556.8785353000276,space,0.351699500111863,None,556.8793860999867,557.2781147666431,557.5880211000331,557.5779900000198,557.5784764999989,557.5880211000331,557.5880211000331,557.5880211000331,559.7299051000737,700,1,[2.1415443000150844],[2.141554999980144],1,001,2025-11-13_16h28.09.951,untitled,,2025.1.1,59.89630754560734,2025-11-13 16h28.23.966103 +0530,
0.1,1000,exp,113,5,9,space,0.35801640001591295,None,350,1,[2.7781251000706106],[2.7781385000562295],9,5,113,6,559.7447966000764,,559.7302277000854,559.7447966000764,560.7450290999841,560.7450290999841,560.7450290999841,561.1121785000432,space,0.35801640001591295,None,561.1128940000199,561.2278774666522,561.5349962000037,561.5250668000663,561.5254622000502,561.5349962000037,561.5349962000037,561.5349962000037,564.313558200025,350,1,[2.7781251000706106],[2.7781385000562295],1,001,2025-11-13_16h28.09.951,untitled,,2025.1.1,59.89630754560734,2025-11-13 16h28.23.966103 +0530,
0.7,1000,exp,114,6,9,space,0.535016099922359,None,500,1,[5.318834999925457],[5.318847699905746],9,6,114,11,564.3283337000757,,564.3138718000846,564.3283337000757,565.3280490000034,565.3280490000034,565.3280490000034,565.8791976000648,space,0.535016099922359,None,565.879798399983,566.5943933666606,566.8977250000462,566.8884633000707,566.888813800062,566.8977250000462,566.8977250000462,566.8977250000462,572.2170187000884,500,1,[5.318834999925457],[5.318847699905746],1,001,2025-11-13_16h28.09.951,untitled,,2025.1.1,59.89630754560734,2025-11-13 16h28.23.966103 +0530,
0.1,400,unexp,115,7,9,space,0.2802259000018239,None,200,1,[3.2600121001014486],[3.2600266000954434],9,7,115,0,572.2313710000599,,572.2172486999771,572.2313710000599,573.2315764999948,573.2315764999948,573.2315764999948,573.5149984000018,space,0.2802259000018239,None,573.5156052000821,573.6310569666714,573.9446283000289,573.9347954000114,573.935153300059,573.9446283000289,573.9446283000289,573.9446283000289,577.2050677000079,200,1,[3.2600121001014486],[3.2600266000954434],1,001,2025-11-13_16h28.09.951,untitled,,2025.1.1,59.89630754560734,2025-11-13 16h28.23.966103 +0530,
0.7,1000,exp,116,8,9,space,0.3103070999495685,None,300,1,[2.9792489000828937],[2.9792625000700355],9,8,116,8,577.2115468999837,,577.2053746000165,577.2115468999837,578.2116712999996,578.2116712999996,578.2116712999996,578.5281376000494,space,0.3103070999495685,None,578.5289720000001,579.2281559666774,579.5339509000769,579.5259561000858,579.5263743000105,579.5339509000769,579.5339509000769,579.5339509000769,582.513665299979,300,1,[2.9792489000828937],[2.9792625000700355],1,001,2025-11-13_16h28.09.951,untitled,,2025.1.1,59.89630754560734,2025-11-13 16h28.23.966103 +0530,
0.4,1000,exp,117,9,9,space,0.3900348999304697,None,400,1,[2.6781012000283226],[2.678117600036785],9,9,117,10,582.5282767000608,,582.5139869999839,582.5282767000608,583.5282616000623,583.5282616000623,583.5282616000623,583.9280687000137,space,0.3900348999304697,None,583.9287692999933,584.3281475667065,584.6345204000827,584.6259907999774,584.6265462000156,584.6345204000827,584.6345204000827,584.6345204000827,587.3131280000089,400,1,[2.6781012000283226],[2.678117600036785],1,001,2025-11-13_16h28.09.951,untitled,,2025.1.1,59.89630754560734,2025-11-13 16h28.23.966103 +0530,
0.7,1000,exp,118,10,9,space,0.3695257999934256,None,500,1,[2.5254815999651328],[2.5254915000405163],9,10,118,5,587.3280358000193,,587.3134640000062,587.3280358000193,588.3281678999774,588.3281678999774,588.3281678999774,588.7123178000329,space,0.3695257999934256,None,588.7129271000158,589.4280656666417,589.7368159000762,589.7291763999965,589.7295163000235,589.7368159000762,589.7368159000762,589.7368159000762,592.262634600047,500,1,[2.5254815999651328],[2.5254915000405163],1,001,2025-11-13_16h28.09.951,untitled,,2025.1.1,59.89630754560734,2025-11-13 16h28.23.966103 +0530,
0.4,1000,exp,119,11,9,space,0.5872462000697851,None,400,1,[2.98938869999256],[2.989396599936299],9,11,119,4,592.278646800085,,592.2629305000883,592.278646800085,593.2618548000464,593.2618548000464,593.2781256000744,593.8630210000556,space,0.5872462000697851,None,593.8647866999963,594.2786389666765,594.5895728999749,594.5794223999837,594.5800623000832,594.5895728999749,594.5895728999749,594.5895728999749,597.5792382999789,400,1,[2.98938869999256],[2.989396599936299],1,001,2025-11-13_16h28.09.951,untitled,,2025.1.1,59.89630754560734,2025-11-13 16h28.23.966103 +0530,
0.1,1000,exp,120,0,10,space,0.36824500001966953,None,100,1,[2.890516099985689],[2.890527500072494],10,0,120,3,597.595318900072,,597.5795196000254,597.595318900072,598.5787076000124,598.5787076000124,598.5957895000465,598.9628962000133,space,0.36824500001966953,None,598.9645799000282,599.0787162667295,599.3883196000243,599.3772134999745,599.3779357000021,599.3883196000243,599.3883196000243,599.3883196000243,602.2791584000224,100,1,[2.890516099985689],[2.890527500072494],1,001,2025-11-13_16h28.09.951,untitled,,2025.1.1,59.89630754560734,2025-11-13 16h28.23.966103 +0530,
0.7,400,unexp,121,1,10,space,0.29660699993837625,None,200,1,[4.042979000019841],[4.0429919000016525],10,1,121,2,602.2955174000235,,602.2794014000101,602.2955174000235,603.2787877999945,603.2787877999945,603.2953891999787,603.5796319000656,space,0.29660699993837625,None,603.5807902000379,604.2952268666743,604.6051669000881,604.5971664000535,604.5975294000236,604.6051669000881,604.6051669000881,604.6051669000881,608.6485508000478,200,1,[4.042979000019841],[4.0429919000016525],1,001,2025-11-13_16h28.09.951,untitled,,2025.1.1,59.89630754560734,2025-11-13 16h28.23.966103 +0530,
0.1,1000,exp,122,2,10,space,0.3339872999349609,None,100,1,[1.8615874000824988],[1.8616024000803009],10,2,122,6,608.661649000016,,608.6488996000262,608.661649000016,609.6619743000483,609.6619743000483,609.6619743000483,609.9967517000623,space,0.3339872999349609,None,609.9980169000337,610.1125446666886,610.4194880999858,610.4089323000517,610.4094408000819,610.4194880999858,610.4194880999858,610.4194880999858,612.2814720000606,100,1,[1.8615874000824988],[1.8616024000803009],1,001,2025-11-13_16h28.09.951,untitled,,2025.1.1,59.89630754560734,2025-11-13 16h28.23.966103 +0530,
0.4,400,unexp,123,3,10,space,1.208193099941127,None,500,1,[2.232777699944563],[2.232791299931705],10,3,123,1,612.2951570000732,,612.2817963000853,612.2951570000732,613.28121679998,613.28121679998,613.2981122999918,614.4994539000327,space,1.208193099941127,None,614.5003135000588,614.8992529666905,615.2637759000063,615.2451758000534,615.245743400068,615.2637759000063,615.2637759000063,615.2637759000063,617.4969730000012,500,1,[2.232777699944563],[2.232791299931705],1,001,2025-11-13_16h28.09.951,untitled,,2025.1.1,59.89630754560734,2025-11-13 16h28.23.966103 +0530,
0.7,1000,exp,124,4,10,space,0.46585969999432564,None,300,1,[2.1741243000142276],[2.1741428000386804],10,4,124,8,617.5114116000477,,617.4973072999856,617.5114116000477,618.5117473000428,618.5117473000428,618.5117473000428,618.9794192999834,space,0.46585969999432564,None,618.9806941000279,619.6785975667337,619.9903098000214,619.9792553000152,619.9798720000545,619.9903098000214,619.9903098000214,619.9903098000214,622.1649513000157,300,1,[2.1741243000142276],[2.1741428000386804],1,001,2025-11-13_16h28.09.951,untitled,,2025.1.1,59.89630754560734,2025-11-13 16h28.23.966103 +0530,
0.7,1000,exp,125,5,10,space,0.4694484000792727,None,900,1,[1.9429895000066608],[1.9430046000052243],10,5,125,5,622.178452400025,,622.1653595999815,622.178452400025,623.1788116000826,623.1788116000826,623.1788116000826,623.6634627000894,space,0.4694484000792727,None,623.6653795000166,624.3782586666678,624.6883432000177,624.6764935000101,624.6772651000647,624.6883432000177,624.6883432000177,624.6883432000177,626.6317938000429,900,1,[1.9429895000066608],[1.9430046000052243],1,001,2025-11-13_16h28.09.951,untitled,,2025.1.1,59.89630754560734,2025-11-13 16h28.23.966103 +0530,
0.4,1000,exp,126,6,10,space,0.4264239000622183,None,350,1,[2.810310099972412],[2.8103251999709755],10,6,126,7,626.6450720999856,,626.6323947000783,626.6450720999856,627.6450490000425,627.6450490000425,627.6450490000425,628.0788827000652,space,0.4264239000622183,None,628.0797414000845,628.4786739666636,628.7874827000778,628.7775725000538,628.7782561000204,628.7874827000778,628.7874827000778,628.7874827000778,631.5981979999924,350,1,[2.810310099972412],[2.8103251999709755],1,001,2025-11-13_16h28.09.951,untitled,,2025.1.1,59.89630754560734,2025-11-13 16h28.23.966103 +0530,
0.1,1000,exp,127,7,10,space,0.36503169999923557,None,350,1,[2.75742589996662],[2.75744419998955],10,7,127,9,631.6119756000116,,631.5985235000262,631.6119756000116,632.612384499982,632.612384499982,632.612384499982,632.9788154000416,space,0.36503169999923557,None,632.9797979000723,633.078190466684,633.3906606000382,633.3787193000317,633.3795922000427,633.3906606000382,633.3906606000382,633.3906606000382,636.148649699986,350,1,[2.75742589996662],[2.75744419998955],1,001,2025-11-13_16h28.09.951,untitled,,2025.1.1,59.89630754560734,2025-11-13 16h28.23.966103 +0530,
0.1,400,unexp,128,8,10,space,0.4286749999737367,None,100,1,[2.025923899956979],[2.0259343000361696],10,8,128,0,636.1616428000852,,636.1490967000136,636.1616428000852,637.1617676999886,637.1617676999886,637.1617676999886,637.5963066000259,space,0.4286749999737367,None,637.597378800041,637.712032166721,638.0202796000522,638.0079886000603,638.0087067000568,638.0202796000522,638.0202796000522,638.0202796000522,640.0465869000182,100,1,[2.025923899956979],[2.0259343000361696],1,001,2025-11-13_16h28.09.951,untitled,,2025.1.1,59.89630754560734,2025-11-13 16h28.23.966103 +0530,
0.4,1000,exp,129,9,10,space,0.639647200005129,None,550,1,[3.5729955000570044],[3.5730129999574274],10,9,129,4,640.061248300015,,640.0468769000145,640.061248300015,641.0617931000888,641.0617931000888,641.0617931000888,641.7131732000271,space,0.639647200005129,None,641.7145393000683,642.1279235666773,642.4405341000529,642.430603899993,642.4311694999924,642.4405341000529,642.4405341000529,642.4405341000529,646.0144759999821,550,1,[3.5729955000570044],[3.5730129999574274],1,001,2025-11-13_16h28.09.951,untitled,,2025.1.1,59.89630754560734,2025-11-13 16h28.23.966103 +0530,
0.4,1000,exp,130,10,10,space,0.3713526000501588,None,800,1,[2.4071822999976575],[2.407195399980992],10,10,130,10,646.0279351000208,,646.0148261000868,646.0279351000208,647.0286141000688,647.0286141000688,647.0286141000688,647.4125963000115,space,0.3713526000501588,None,647.4135742000071,647.811788766707,648.1218282000627,648.1107852000277,648.1114042000845,648.1218282000627,648.1218282000627,648.1218282000627,650.5293981999857,800,1,[2.4071822999976575],[2.407195399980992],1,001,2025-11-13_16h28.09.951,untitled,,2025.1.1,59.89630754560734,2025-11-13 16h28.23.966103 +0530,
0.7,1000,exp,131,11,10,space,0.2985717999981716,None,750,1,[2.6069171000272036],[2.606947400025092],10,11,131,11,650.5450412000064,,650.5297250000294,650.5450412000064,651.5451340000145,651.5451340000145,651.5451340000145,651.8452846000437,space,0.2985717999981716,None,651.8460677000694,652.5444424667551,652.8572732000612,652.8475034000585,652.8479470000602,652.8572732000612,652.8572732000612,652.8572732000612,655.4648811999941,750,1,[2.6069171000272036],[2.606947400025092],1,001,2025-11-13_16h28.09.951,untitled,,2025.1.1,59.89630754560734,2025-11-13 16h28.23.966103 +0530,
0.1,400,unexp,132,0,11,space,0.3178119999356568,None,250,1,[5.211959399981424],[5.211974399979226],11,0,132,0,655.4781508999877,,655.4651848999783,655.4781508999877,656.4783399000298,656.4783399000298,656.4783399000298,656.7969302000711,space,0.3178119999356568,None,656.7984016999835,656.9118167666641,657.2205100000137,657.2073147000046,657.2081185000716,657.2205100000137,657.2205100000137,657.2205100000137,662.4329348000465,250,1,[5.211959399981424],[5.211974399979226],1,001,2025-11-13_16h28.09.951,untitled,,2025.1.1,59.89630754560734,2025-11-13 16h28.23.966103 +0530,
0.7,1000,exp,133,1,11,space,0.3616365999914706,None,850,1,[2.3796006999909878],[2.37961639999412],11,1,133,11,662.4451154000126,,662.4332543000346,662.4451154000126,663.4449892999837,663.4449892999837,663.4449892999837,663.8121078000404,space,0.3616365999914706,None,663.812937400071,664.5112618667229,664.8177910000086,664.8061519999756,664.8066987000639,664.8177910000086,664.8177910000086,664.8177910000086,667.1977998000802,850,1,[2.3796006999909878],[2.37961639999412],1,001,2025-11-13_16h28.09.951,untitled,,2025.1.1,59.89630754560734,2025-11-13 16h28.23.966103 +0530,
0.4,1000,exp,134,2,11,space,0.38828820001799613,None,450,1,[3.1880933000938967],[3.1881031000521034],11,2,134,4,667.2116777000483,,667.1981328000547,667.2116777000483,668.2120490000816,668.2120490000816,668.2120490000816,668.612807800062,space,0.38828820001799613,None,668.6139823000412,669.0282418666795,669.3401772000361,669.329127300065,669.3296716000186,669.3401772000361,669.3401772000361,669.3401772000361,672.5286323999753,450,1,[3.1880933000938967],[3.1881031000521034],1,001,2025-11-13_16h28.09.951,untitled,,2025.1.1,59.89630754560734,2025-11-13 16h28.23.966103 +0530,
0.1,1000,exp,135,3,11,space,0.31569800002034754,None,200,1,[4.424567300011404],[4.424578699981794],11,3,135,6,672.5448293000227,,672.5289201000705,672.5448293000227,673.5290444000857,673.5290444000857,673.5451979000354,673.8461298000766,space,0.31569800002034754,None,673.8480440999847,673.9612956667008,674.2722262999741,674.2606914000353,674.2614820000017,674.2722262999741,674.2722262999741,674.2722262999741,678.697224500007,200,1,[4.424567300011404],[4.424578699981794],1,001,2025-11-13_16h28.09.951,untitled,,2025.1.1,59.89630754560734,2025-11-13 16h28.23.966103 +0530,
0.1,1000,exp,136,4,11,space,0.3118563999887556,None,100,1,[3.0399353000102565],[3.039949099998921],11,4,136,3,678.7117283000844,,678.6975538000697,678.7117283000844,679.7117739000823,679.7117739000823,679.7117739000823,680.0291722000111,space,0.3118563999887556,None,680.0300934000406,680.1449823666519,680.4577510000672,680.4469592000823,680.4475472000195,680.4577510000672,680.4577510000672,680.4577510000672,683.4980946000433,100,1,[3.0399353000102565],[3.039949099998921],1,001,2025-11-13_16h28.09.951,untitled,,2025.1.1,59.89630754560734,2025-11-13 16h28.23.966103 +0530,
0.4,400,unexp,137,5,11,space,0.2746388999512419,None,750,1,[2.4300782999489456],[2.430097999982536],11,5,137,1,683.5117641000543,,683.4984239999903,683.5117641000543,684.512063000002,684.512063000002,684.512063000002,684.7949994000373,space,0.2746388999512419,None,684.7961064000847,685.1953540667348,685.5004716999829,685.4887940000044,685.4892441000557,685.5004716999829,685.5004716999829,685.5004716999829,687.9312468999997,750,1,[2.4300782999489456],[2.430097999982536],1,001,2025-11-13_16h28.09.951,untitled,,2025.1.1,59.89630754560734,2025-11-13 16h28.23.966103 +0530,
0.4,1000,exp,138,6,11,space,0.33377110003493726,None,250,1,[2.87374519999139],[2.873759499983862],11,6,138,7,687.944208699977,,687.9318511000602,687.944208699977,688.9454118000576,688.9454118000576,688.9454118000576,689.2798451000126,space,0.33377110003493726,None,689.281210300047,689.694997066694,690.0053476999747,689.995124100009,689.9957024999894,690.0053476999747,690.0053476999747,690.0053476999747,692.8795170000521,250,1,[2.87374519999139],[2.873759499983862],1,001,2025-11-13_16h28.09.951,untitled,,2025.1.1,59.89630754560734,2025-11-13 16h28.23.966103 +0530,
0.7,400,unexp,139,7,11,space,0.34024199994746596,None,850,1,[2.4178329999558628],[2.417847599950619],11,7,139,2,692.8949428000487,,692.8798477000091,692.8949428000487,693.8785726000788,693.8785726000788,693.8952307000291,694.2305725000333,space,0.34024199994746596,None,694.2324390000431,694.9453434666541,695.262640699977,695.2470978000201,695.2480458000209,695.262640699977,695.262640699977,695.262640699977,697.6808864000486,850,1,[2.4178329999558628],[2.417847599950619],1,001,2025-11-13_16h28.09.951,untitled,,2025.1.1,59.89630754560734,2025-11-13 16h28.23.966103 +0530,
0.7,1000,exp,140,8,11,space,0.6761215999722481,None,900,1,[2.1733631000388414],[2.1733729999978095],11,8,140,8,697.6951865000883,,697.6812353000278,697.6951865000883,698.6951342000393,698.6951342000393,698.6951342000393,699.3794991000323,space,0.6761215999722481,None,699.3807071000338,700.078634366688,700.3901312000817,700.3786852000048,700.3793165000388,700.3901312000817,700.3901312000817,700.3901312000817,702.564014500007,900,1,[2.1733631000388414],[2.1733729999978095],1,001,2025-11-13_16h28.09.951,untitled,,2025.1.1,59.89630754560734,2025-11-13 16h28.23.966103 +0530,
0.4,1000,exp,141,9,11,space,0.4679811999667436,None,450,1,[3.992499600048177],[3.9925120000261813],11,9,141,10,702.5786654000403,,702.5646949000657,702.5786654000403,703.5786718000891,703.5786718000891,703.5786718000891,704.0620602000272,space,0.4679811999667436,None,704.0633569000056,704.4618066667501,704.7708303000545,704.7578049000585,704.7584670999786,704.7708303000545,704.7708303000545,704.7708303000545,708.7637681000633,450,1,[3.992499600048177],[3.9925120000261813],1,001,2025-11-13_16h28.09.951,untitled,,2025.1.1,59.89630754560734,2025-11-13 16h28.23.966103 +0530,
0.7,1000,exp,142,10,11,space,0.31288530002348125,None,850,1,[2.2164272000081837],[2.216447400045581],11,10,142,5,708.7782862000167,,708.7645345000783,708.7782862000167,709.7782097000163,709.7782097000163,709.7782097000163,710.0953708000015,space,0.31288530002348125,None,710.0963162999833,710.795512266752,711.11459500005,711.0960123999976,711.0968839999987,711.11459500005,711.11459500005,711.11459500005,713.3315728000598,850,1,[2.2164272000081837],[2.216447400045581],1,001,2025-11-13_16h28.09.951,untitled,,2025.1.1,59.89630754560734,2025-11-13 16h28.23.966103 +0530,
0.1,1000,exp,143,11,11,space,0.3815748000051826,None,150,1,[5.0264396000420675],[5.026453800033778],11,11,143,9,713.3450217000209,,713.3320526999887,713.3450217000209,714.3452044000151,714.3452044000151,714.3452044000151,714.7291810000315,space,0.3815748000051826,None,714.7301362000871,714.8287588667047,715.138013000018,715.1275941000786,715.128159700078,715.138013000018,715.138013000018,715.138013000018,720.1648946000496,150,1,[5.0264396000420675],[5.026453800033778],1,001,2025-11-13_16h28.09.951,untitled,,2025.1.1,59.89630754560734,2025-11-13 16h28.23.966103 +0530,
0.1,400,unexp,144,0,12,space,0.3353646999457851,None,200,1,[2.2451722999103367],[2.245192699949257],12,0,144,0,720.1782079000259,,720.1652418000158,720.1782079000259,721.1782958999975,721.1782958999975,721.1782958999975,721.5289114000043,space,0.3353646999457851,None,721.5298849000828,721.6285157666464,721.935502700042,721.9268630000297,721.9272903000237,721.935502700042,721.935502700042,721.935502700042,724.1812840000493,200,1,[2.2451722999103367],[2.245192699949257],1,001,2025-11-13_16h28.09.951,untitled,,2025.1.1,59.89630754560734,2025-11-13 16h28.23.966103 +0530,
0.1,1000,exp,145,1,12,space,0.29421039996668696,None,100,1,[2.764850000035949],[2.764865200035274],12,1,145,3,724.1946492000716,,724.1817626000848,724.1946492000716,725.1949886999791,725.1949886999791,725.1949886999791,725.4950480000116,space,0.29421039996668696,None,725.4956392000895,725.5949848667408,725.9000706999796,725.8880371000851,725.8884484000737,725.9000706999796,725.9000706999796,725.9000706999796,728.665351600037,100,1,[2.764850000035949],[2.764865200035274],1,001,2025-11-13_16h28.09.951,untitled,,2025.1.1,59.89630754560734,2025-11-13 16h28.23.966103 +0530,
0.1,1000,exp,146,2,12,space,0.6238914000568911,None,100,1,[3.4731486999662593],[3.473167199990712],12,2,146,9,728.6781894000014,,728.6657044000458,728.6781894000014,729.6780437000562,729.6780437000562,729.6780437000562,730.3120241999859,space,0.6238914000568911,None,730.3126496999757,730.4115303666952,730.7230478000129,730.7145070000552,730.714927699999,730.7230478000129,730.7230478000129,730.7230478000129,734.1967368000187,100,1,[3.4731486999662593],[3.473167199990712],1,001,2025-11-13_16h28.09.951,untitled,,2025.1.1,59.89630754560734,2025-11-13 16h28.23.966103 +0530,
0.4,1000,exp,147,3,12,space,0.04427650000434369,None,250,1,[3.0780892999609932],[3.078102600062266],12,3,147,7,734.2117070000386,,734.1971965000266,734.2117070000386,735.211658300017,735.211658300017,735.211658300017,735.2622627000092,space,0.04427650000434369,None,735.2629141000798,735.6615295666891,735.9684579999885,735.9607435000362,735.9611187999835,735.9684579999885,735.9684579999885,735.9684579999885,739.0469829000067,250,1,[3.0780892999609932],[3.078102600062266],1,001,2025-11-13_16h28.09.951,untitled,,2025.1.1,59.89630754560734,2025-11-13 16h28.23.966103 +0530,
0.7,1000,exp,148,4,12,space,0.4145174000877887,None,700,1,[2.308547000051476],[2.30855800001882],12,4,148,5,739.0617575000506,,739.0473110000603,739.0617575000506,740.0612962000305,740.0612962000305,740.0612962000305,740.479224300012,space,0.4145174000877887,None,740.4801223999821,741.1783050667184,741.487608000054,741.4787084000418,741.4791242000647,741.487608000054,741.487608000054,741.487608000054,743.7965449000476,700,1,[2.308547000051476],[2.30855800001882],1,001,2025-11-13_16h28.09.951,untitled,,2025.1.1,59.89630754560734,2025-11-13 16h28.23.966103 +0530,
0.7,400,unexp,149,5,12,space,0.24855889996979386,None,800,1,[2.3483285000547767],[2.348342700046487],12,5,149,2,743.8116265999852,,743.7967790000839,743.8116265999852,744.8117767000804,744.8117767000804,744.8117767000804,745.0620809000684,space,0.24855889996979386,None,745.0628279000521,745.7617741666656,746.0660844000522,746.0569379000226,746.057436299976,746.0660844000522,746.0660844000522,746.0660844000522,748.4148193000583,800,1,[2.3483285000547767],[2.348342700046487],1,001,2025-11-13_16h28.09.951,untitled,,2025.1.1,59.89630754560734,2025-11-13 16h28.23.966103 +0530,
0.4,1000,exp,150,6,12,space,0.3655212000012398,None,350,1,[3.856423299992457],[3.8564341999590397],12,6,150,10,748.4285629000515,,748.4151156999869,748.4285629000515,749.4284419000614,749.4284419000614,749.4284419000614,749.7958598000696,space,0.3655212000012398,None,749.7968154000118,750.1949657666885,750.5070256000618,750.4966631000862,750.4971793000586,750.5070256000618,750.5070256000618,750.5070256000618,754.363780500018,350,1,[3.856423299992457],[3.8564341999590397],1,001,2025-11-13_16h28.09.951,untitled,,2025.1.1,59.89630754560734,2025-11-13 16h28.23.966103 +0530,
0.7,1000,exp,151,7,12,space,0.6376458000158891,None,850,1,[2.5724609999451786],[2.572479599970393],12,7,151,11,754.3775750000495,,754.3641842000652,754.3775750000495,755.3785669000354,755.3785669000354,755.3785669000354,756.0296501000412,space,0.6376458000158891,None,756.0307698000688,756.744543766665,757.0585295000346,757.0459395999787,757.0467183000874,757.0585295000346,757.0585295000346,757.0585295000346,759.631502800039,850,1,[2.5724609999451786],[2.572479599970393],1,001,2025-11-13_16h28.09.951,untitled,,2025.1.1,59.89630754560734,2025-11-13 16h28.23.966103 +0530,
0.4,1000,exp,152,8,12,space,0.6366962000029162,None,850,1,[2.4791783000109717],[2.479196900036186],12,8,152,4,759.6450866999803,,759.6319029000588,759.6450866999803,760.645122100017,760.645122100017,760.645122100017,761.2964445999824,space,0.6366962000029162,None,761.2976239999989,761.7115814666652,762.0186083000153,762.0077355999965,762.0082833999768,762.0186083000153,762.0186083000153,762.0186083000153,764.498734200024,850,1,[2.4791783000109717],[2.479196900036186],1,001,2025-11-13_16h28.09.951,untitled,,2025.1.1,59.89630754560734,2025-11-13 16h28.23.966103 +0530,
0.7,1000,exp,153,9,12,space,0.2469823999563232,None,600,1,[2.1774999999906868],[2.177512300084345],12,9,153,8,764.5111472000135,,764.5002519000554,764.5111472000135,765.5117482000496,765.5117482000496,765.5117482000496,765.76263630006,space,0.2469823999563232,None,765.7635404000757,766.4619786666628,766.7682081999956,766.757208700059,766.7579075000249,766.7682081999956,766.7682081999956,766.7682081999956,768.9461213999894,600,1,[2.1774999999906868],[2.177512300084345],1,001,2025-11-13_16h28.09.951,untitled,,2025.1.1,59.89630754560734,2025-11-13 16h28.23.966103 +0530,
0.1,1000,exp,154,10,12,space,0.5405262999702245,None,400,1,[2.868231999920681],[2.86824640003033],12,10,154,6,768.9619287999813,,768.946454100078,768.9619287999813,769.9500659999903,769.9500659999903,769.9638905000174,770.4982888000086,space,0.5405262999702245,None,770.4991245000856,770.6005254666709,770.9107603000011,770.8959206000436,770.8968587000854,770.9107603000011,770.9107603000011,770.9107603000011,773.7793929000618,400,1,[2.868231999920681],[2.86824640003033],1,001,2025-11-13_16h28.09.951,untitled,,2025.1.1,59.89630754560734,2025-11-13 16h28.23.966103 +0530,
0.4,400,unexp,155,11,12,space,0.41774599999189377,None,300,1,[2.7082862000679597],[2.7083011000650004],12,11,155,1,773.7951616999926,,773.7796915000072,773.7951616999926,774.7785857000854,774.7785857000854,774.7952606000472,775.1971033000154,space,0.41774599999189377,None,775.1985784000717,775.612054566682,775.9207718999824,775.908674400067,775.9093217999907,775.9207718999824,775.9207718999824,775.9207718999824,778.6295458000386,300,1,[2.7082862000679597],[2.7083011000650004],1,001,2025-11-13_16h28.09.951,untitled,,2025.1.1,59.89630754560734,2025-11-13 16h28.23.966103 +0530,
0.1,400,unexp,156,0,13,space,0.7358103999868035,None,300,1,[2.0282293999334797],[2.0282400998985395],13,0,156,0,778.6455324999988,,778.6299708000151,778.6455324999988,779.6456419000169,779.6456419000169,779.6456419000169,780.3964366000146,space,0.7358103999868035,None,780.3973998000147,780.5118673666768,780.8185948000755,780.8083420000039,780.8089030000847,780.8185948000755,780.8185948000755,780.8185948000755,782.8471723999828,300,1,[2.0282293999334797],[2.0282400998985395],1,001,2025-11-13_16h28.09.951,untitled,,2025.1.1,59.89630754560734,2025-11-13 16h28.23.966103 +0530,
0.7,1000,exp,157,1,13,space,0.2406005000229925,None,800,1,[3.9547319000121206],[3.9547489000251517],13,1,157,8,782.8618478000863,,782.8474502000026,782.8618478000863,783.8619128999999,783.8619128999999,783.8619128999999,784.1127769000595,space,0.2406005000229925,None,784.1138223999878,784.8119452667345,785.1254322000314,785.1159149000887,785.1163559000706,785.1254322000314,785.1254322000314,785.1254322000314,789.0806283000857,800,1,[3.9547319000121206],[3.9547489000251517],1,001,2025-11-13_16h28.09.951,untitled,,2025.1.1,59.89630754560734,2025-11-13 16h28.23.966103 +0530,
0.7,1000,exp,158,2,13,space,0.5262133999494836,None,900,1,[2.5614776000147685],[2.5614923000102863],13,2,158,5,789.0951223000884,,789.0809277000371,789.0951223000884,790.0839534000261,790.0839534000261,790.0997722999891,790.6170004000887,space,0.5262133999494836,None,790.6179609000683,791.3337408666887,791.6517747000325,791.63508310006,791.6357425000751,791.6517747000325,791.6517747000325,791.6517747000325,794.2137688000221,900,1,[2.5614776000147685],[2.5614923000102863],1,001,2025-11-13_16h28.09.951,untitled,,2025.1.1,59.89630754560734,2025-11-13 16h28.23.966103 +0530,
0.7,400,unexp,159,3,13,space,1.3716669999994338,None,900,1,[1.8281567000085488],[1.8281666000839323],13,3,159,2,794.2284340000479,,794.2145422999747,794.2284340000479,795.2287831000285,795.2287831000285,795.2287831000285,796.6126236000564,space,1.3716669999994338,None,796.6137089000549,797.3117549666824,797.6176794000203,797.606551200035,797.6069887999911,797.6176794000203,797.6176794000203,797.6176794000203,799.4461551000131,900,1,[1.8281567000085488],[1.8281666000839323],1,001,2025-11-13_16h28.09.951,untitled,,2025.1.1,59.89630754560734,2025-11-13 16h28.23.966103 +0530,
0.4,1000,exp,160,4,13,space,1.094011800014414,None,750,1,[2.7101807999424636],[2.7101926000323147],13,4,160,7,799.4611404000316,,799.4464749000035,799.4611404000316,800.4616166000487,800.4616166000487,800.4616166000487,801.5621120000724,space,1.094011800014414,None,801.5628618000774,801.9618839666402,802.2697700000135,802.2592367000179,802.2596861000638,802.2697700000135,802.2697700000135,802.2697700000135,804.980442799977,750,1,[2.7101807999424636],[2.7101926000323147],1,001,2025-11-13_16h28.09.951,untitled,,2025.1.1,59.89630754560734,2025-11-13 16h28.23.966103 +0530,
0.7,1000,exp,161,5,13,space,0.3391632999991998,None,900,1,[1.8778653000481427],[1.8778923000209033],13,5,161,11,804.994880400016,,804.9807620000793,804.994880400016,805.9949190000771,805.9949190000771,805.9949190000771,806.3463008999825,space,0.3391632999991998,None,806.3480912999948,807.0614263667414,807.3684732000111,807.3568424000405,807.3573477000464,807.3684732000111,807.3684732000111,807.3684732000111,809.2467938000336,900,1,[1.8778653000481427],[1.8778923000209033],1,001,2025-11-13_16h28.09.951,untitled,,2025.1.1,59.89630754560734,2025-11-13 16h28.23.966103 +0530,
0.4,400,unexp,162,6,13,space,0.40176769997924566,None,650,1,[3.4254148000618443],[3.42542660003528],13,6,162,1,809.2615518000675,,809.2471282000188,809.2615518000675,810.2616401000414,810.2616401000414,810.2616401000414,810.6794019000372,space,0.40176769997924566,None,810.6805790000362,811.0785881666854,811.3889269999927,811.3789930000203,811.3794880000642,811.3889269999927,811.3889269999927,811.3889269999927,814.8147831000388,650,1,[3.4254148000618443],[3.42542660003528],1,001,2025-11-13_16h28.09.951,untitled,,2025.1.1,59.89630754560734,2025-11-13 16h28.23.966103 +0530,
0.1,1000,exp,163,7,13,space,0.3273922000080347,None,350,1,[3.1184623999288306],[3.118475600029342],13,7,163,9,814.8283677999862,,814.8150960999774,814.8283677999862,815.8284523000475,815.8284523000475,815.8284523000475,816.1624841000885,space,0.3273922000080347,None,816.1637473000446,816.2617030667063,816.5772697000066,816.5584868000587,816.559605400078,816.5772697000066,816.5772697000066,816.5772697000066,819.696097600041,350,1,[3.1184623999288306],[3.118475600029342],1,001,2025-11-13_16h28.09.951,untitled,,2025.1.1,59.89630754560734,2025-11-13 16h28.23.966103 +0530,
0.1,1000,exp,164,8,13,space,0.3167668000096455,None,200,1,[2.28748810000252],[2.2874967999523506],13,8,164,3,819.7116111000068,,819.6963607000653,819.7116111000068,820.6954559000442,820.6954559000442,820.7117263000691,821.0130970000755,space,0.3167668000096455,None,821.0146702000638,821.1282893666687,821.4413039999781,821.4298340000678,821.4307979000732,821.4413039999781,821.4413039999781,821.4413039999781,823.7290798000759,200,1,[2.28748810000252],[2.2874967999523506],1,001,2025-11-13_16h28.09.951,untitled,,2025.1.1,59.89630754560734,2025-11-13 16h28.23.966103 +0530,
0.4,1000,exp,165,9,13,space,0.39369779999833554,None,600,1,[1.9751912000356242],[1.975207900046371],13,9,165,10,823.745116700069,,823.7293376000598,823.745116700069,824.7284681000747,824.7284681000747,824.7449801000766,825.128872100031,space,0.39369779999833554,None,825.1299775000662,825.52832756675,825.8365950000007,825.8260036000283,825.826642400003,825.8365950000007,825.8365950000007,825.8365950000007,827.8123685000464,600,1,[1.9751912000356242],[1.975207900046371],1,001,2025-11-13_16h28.09.951,untitled,,2025.1.1,59.89630754560734,2025-11-13 16h28.23.966103 +0530,
0.4,1000,exp,166,10,13,space,0.2860734999412671,None,500,1,[2.4065074999816716],[2.406527000013739],13,10,166,4,827.8282562000677,,827.8126304000616,827.8282562000677,828.8122687999858,828.8122687999858,828.827675800072,829.1127007000614,space,0.2860734999412671,None,829.1139050000347,829.5285581666433,829.8405850999989,829.8296779000666,829.830293099978,829.8405850999989,829.8405850999989,829.8405850999989,832.2476256000809,500,1,[2.4065074999816716],[2.406527000013739],1,001,2025-11-13_16h28.09.951,untitled,,2025.1.1,59.89630754560734,2025-11-13 16h28.23.966103 +0530,
0.1,1000,exp,167,11,13,space,0.9532292999792844,None,150,1,[4.147458099992946],[4.1474707999732345],13,11,167,6,832.2615835000761,,832.2479399000295,832.2615835000761,833.2618336000014,833.2618336000014,833.2618336000014,834.2300983000314,space,0.9532292999792844,None,834.2313004999887,834.3451604666809,834.6500679000746,834.638498699991,834.6391021000454,834.6500679000746,834.6500679000746,834.6500679000746,838.7978916000575,150,1,[4.147458099992946],[4.1474707999732345],1,001,2025-11-13_16h28.09.951,untitled,,2025.1.1,59.89630754560734,2025-11-13 16h28.23.966103 +0530,
0.4,1000,exp,168,0,14,space,0.3552063999231905,None,300,1,[2.4748158999718726],[2.4748326999833807],14,0,168,4,838.8117327999789,,838.7981855000835,838.8117327999789,839.8122072999831,839.8122072999831,839.8122072999831,840.1798454000382,space,0.3552063999231905,None,840.1809825000819,840.5953306666963,840.9066867000656,840.89710870001,840.8976245999802,840.9066867000656,840.9066867000656,840.9066867000656,843.381936400081,300,1,[2.4748158999718726],[2.4748326999833807],1,001,2025-11-13_16h28.09.951,untitled,,2025.1.1,59.89630754560734,2025-11-13 16h28.23.966103 +0530,
0.4,400,unexp,169,1,14,space,0.49132489995099604,None,250,1,[2.8938054000027478],[2.8938219000119716],14,1,169,1,843.3952998999739,,843.3822991000488,843.3952998999739,844.3950246999739,844.3950246999739,844.3950246999739,844.8962368000066,space,0.49132489995099604,None,844.8974471000256,845.3120198667204,845.621640700032,845.6083832000149,845.6089877000777,845.621640700032,845.621640700032,845.621640700032,848.515921400045,250,1,[2.8938054000027478],[2.8938219000119716],1,001,2025-11-13_16h28.09.951,untitled,,2025.1.1,59.89630754560734,2025-11-13 16h28.23.966103 +0530,
0.7,1000,exp,170,2,14,space,0.5044719000579789,None,300,1,[3.773064999957569],[3.7730782999424264],14,2,170,8,848.528467600001,,848.5163042000495,848.528467600001,849.528609400033,849.528609400033,849.528609400033,850.0460288000759,space,0.5044719000579789,None,850.0469224000117,850.7452850667216,851.0561647000723,851.0461995999794,851.0467043999815,851.0561647000723,851.0561647000723,851.0561647000723,854.82958530006,300,1,[3.773064999957569],[3.7730782999424264],1,001,2025-11-13_16h28.09.951,untitled,,2025.1.1,59.89630754560734,2025-11-13 16h28.23.966103 +0530,
0.7,1000,exp,171,3,14,space,0.5507383000804111,None,300,1,[2.3443274000892416],[2.3443415000801906],14,3,171,11,854.8452693000436,,854.8298909000587,854.8452693000436,855.8452119000722,855.8452119000722,855.8452119000722,856.3966768999817,space,0.5507383000804111,None,856.3977833000245,857.1115032666751,857.4180368999951,857.4072955000447,857.4078473000554,857.4180368999951,857.4180368999951,857.4180368999951,859.7627759000752,300,1,[2.3443274000892416],[2.3443415000801906],1,001,2025-11-13_16h28.09.951,untitled,,2025.1.1,59.89630754560734,2025-11-13 16h28.23.966103 +0530,
0.1,1000,exp,172,4,14,space,0.3541908001061529,None,100,1,[3.03884310007561],[3.0388567000627518],14,4,172,9,859.7785868999781,,859.7630664000753,859.7785868999781,860.7789091999875,860.7789091999875,860.7789091999875,861.1462325999746,space,0.3541908001061529,None,861.1472698000725,861.2453244666724,861.5565858000191,861.5454645000864,861.5464404000668,861.5565858000191,861.5565858000191,861.5565858000191,864.5958945000311,100,1,[3.03884310007561],[3.0388567000627518],1,001,2025-11-13_16h28.09.951,untitled,,2025.1.1,59.89630754560734,2025-11-13 16h28.23.966103 +0530,
0.1,1000,exp,173,5,14,space,0.2758946999674663,None,250,1,[2.971622799988836],[2.971632699947804],14,5,173,3,864.6112464000471,,864.5962691000896,864.6112464000471,865.5952989000361,865.5952989000361,865.6111074000364,865.8791566999862,space,0.2758946999674663,None,865.8807305999799,865.978527966716,866.2910487999907,866.2790868000593,866.2799276000587,866.2910487999907,866.2910487999907,866.2910487999907,869.2630460000364,250,1,[2.971622799988836],[2.971632699947804],1,001,2025-11-13_16h28.09.951,untitled,,2025.1.1,59.89630754560734,2025-11-13 16h28.23.966103 +0530,
0.7,400,unexp,174,6,14,space,0.289256599964574,None,900,1,[3.776326599996537],[3.7763378999661654],14,6,174,2,869.277848900063,,869.2633960000239,869.277848900063,870.2786845000228,870.2786845000228,870.2786845000228,870.5792430000147,space,0.289256599964574,None,870.5807418000186,871.2784784667349,871.5868329000659,871.5770668999758,871.5776084000245,871.5868329000659,871.5868329000659,871.5868329000659,875.3635596000822,900,1,[3.776326599996537],[3.7763378999661654],1,001,2025-11-13_16h28.09.951,untitled,,2025.1.1,59.89630754560734,2025-11-13 16h28.23.966103 +0530,
0.4,1000,exp,175,7,14,space,0.35047059995122254,None,700,1,[2.021525699994527],[2.021538299974054],14,7,175,10,875.3782569000032,,875.3640969999833,875.3782569000032,876.3780692000873,876.3780692000873,876.3780692000873,876.7294695000164,space,0.35047059995122254,None,876.7304541000631,877.1453190666546,877.457677999977,877.4486132999882,877.4490370000713,877.457677999977,877.457677999977,877.457677999977,879.479597800062,700,1,[2.021525699994527],[2.021538299974054],1,001,2025-11-13_16h28.09.951,untitled,,2025.1.1,59.89630754560734,2025-11-13 16h28.23.966103 +0530,
0.1,1000,exp,176,8,14,space,0.555027800030075,None,250,1,[3.6761753000319004],[3.676188400015235],14,8,176,6,879.4949786000652,,879.4799450000282,879.4949786000652,880.4942985000089,880.4942985000089,880.4942985000089,881.0628451000666,space,0.555027800030075,None,881.0642830000725,881.1785606666856,881.4856438999996,881.476173400064,881.4768346999772,881.4856438999996,881.4856438999996,881.4856438999996,885.1621996000176,250,1,[3.6761753000319004],[3.676188400015235],1,001,2025-11-13_16h28.09.951,untitled,,2025.1.1,59.89630754560734,2025-11-13 16h28.23.966103 +0530,
0.4,1000,exp,177,9,14,space,0.26340009993873537,None,500,1,[2.388736500055529],[2.3887504000449553],14,9,177,7,885.178640600061,,885.1624676000793,885.178640600061,886.162284500082,886.162284500082,886.1778984999983,886.4283635000465,space,0.26340009993873537,None,886.4293261000421,886.828575966709,887.1400731999893,887.1278089000843,887.128476300044,887.1400731999893,887.1400731999893,887.1400731999893,889.5293084000004,500,1,[2.388736500055529],[2.3887504000449553],1,001,2025-11-13_16h28.09.951,untitled,,2025.1.1,59.89630754560734,2025-11-13 16h28.23.966103 +0530,
0.7,1000,exp,178,10,14,space,0.279802699922584,None,800,1,[2.1076950000133365],[2.107709600008093],14,10,178,5,889.5446953000501,,889.5296654000413,889.5446953000501,890.5450608000392,890.5450608000392,890.5450608000392,890.8293217000319,space,0.279802699922584,None,890.8302535000257,891.5286555666864,891.838926400058,891.8280909999739,891.8289148000767,891.838926400058,891.838926400058,891.838926400058,893.9471161999973,800,1,[2.1076950000133365],[2.107709600008093],1,001,2025-11-13_16h28.09.951,untitled,,2025.1.1,59.89630754560734,2025-11-13 16h28.23.966103 +0530,
0.1,400,unexp,179,11,14,space,0.7820346999214962,None,50,1,[3.303990500047803],[3.3040021000197157],14,11,179,0,893.9616099999985,,893.948212300078,893.9616099999985,894.9622693000128,894.9622693000128,894.9622693000128,895.7459016999928,space,0.7820346999214962,None,895.7469492000528,895.8450272667144,896.1586108000483,896.1485844000708,896.1491571000079,896.1586108000483,896.1586108000483,896.1586108000483,899.4629904000321,50,1,[3.303990500047803],[3.3040021000197157],1,001,2025-11-13_16h28.09.951,untitled,,2025.1.1,59.89630754560734,2025-11-13 16h28.23.966103 +0530,
0.4,400,unexp,180,0,15,space,0.37812300003133714,None,500,1,[2.620747899985872],[2.6207658000057563],15,0,180,1,899.4778958000243,,899.4634597999975,899.4778958000243,900.4776076000417,900.4776076000417,900.4776076000417,900.8628215000499,space,0.37812300003133714,None,900.8638393000001,901.2621543666503,901.5754167999839,901.5667955999961,901.5672143000411,901.5754167999839,901.5754167999839,901.5754167999839,904.1966414999915,500,1,[2.620747899985872],[2.6207658000057563],1,001,2025-11-13_16h28.09.951,untitled,,2025.1.1,59.89630754560734,2025-11-13 16h28.23.966103 +0530,
0.4,1000,exp,181,1,15,space,0.40200189989991486,None,600,1,[2.2570550999371335],[2.2570940000005066],15,1,181,10,904.2120358999819,,904.1969550000504,904.2120358999819,905.211207000073,905.211207000073,905.211207000073,905.6295988999773,space,0.40200189989991486,None,905.6306928000413,906.0288858666938,906.3378996000392,906.3273635000223,906.3279349000659,906.3378996000392,906.3378996000392,906.3378996000392,908.5954072000459,600,1,[2.2570550999371335],[2.2570940000005066],1,001,2025-11-13_16h28.09.951,untitled,,2025.1.1,59.89630754560734,2025-11-13 16h28.23.966103 +0530,
0.1,1000,exp,182,2,15,space,0.4100291000213474,None,250,1,[3.561591000063345],[3.5616059000603855],15,2,182,9,908.6114444000414,,908.5956702000694,908.6114444000414,909.5953827999765,909.5953827999765,909.6120470000897,910.0130817000754,space,0.4100291000213474,None,910.0145512999734,910.1285556667174,910.435161500005,910.4246676000766,910.4253071000567,910.435161500005,910.435161500005,910.435161500005,913.9971769000404,250,1,[3.561591000063345],[3.5616059000603855],1,001,2025-11-13_16h28.09.951,untitled,,2025.1.1,59.89630754560734,2025-11-13 16h28.23.966103 +0530,
0.7,1000,exp,183,3,15,space,0.8279046999523416,None,750,1,[4.007423999952152],[4.007437100051902],15,3,183,5,914.0117173000472,,913.9975191000849,914.0117173000472,915.0119545999914,915.0119545999914,915.0119545999914,915.8461572000524,space,0.8279046999523416,None,915.8471887999913,916.5453463666529,916.8574103000574,916.8480222000508,916.8485317000886,916.8574103000574,916.8574103000574,916.8574103000574,920.8652831000509,750,1,[4.007423999952152],[4.007437100051902],1,001,2025-11-13_16h28.09.951,untitled,,2025.1.1,59.89630754560734,2025-11-13 16h28.23.966103 +0530,
0.7,1000,exp,184,4,15,space,0.760171000030823,None,800,1,[2.3742709999205545],[2.3742886999389157],15,4,184,11,920.8781005999772,,920.8656587000005,920.8781005999772,921.8782644000603,921.8782644000603,921.8782644000603,922.6456460000481,space,0.760171000030823,None,922.6464228000259,923.3453208667381,923.6566725000739,923.6448907000013,923.6460942000849,923.6566725000739,923.6566725000739,923.6566725000739,926.0314820000203,800,1,[2.3742709999205545],[2.3742886999389157],1,001,2025-11-13_16h28.09.951,untitled,,2025.1.1,59.89630754560734,2025-11-13 16h28.23.966103 +0530,
0.4,1000,exp,185,5,15,space,0.415811299928464,None,350,1,[2.8775408000219613],[2.8775522999931127],15,5,185,4,926.0451125000836,,926.0318901999854,926.0451125000836,927.0449865000555,927.0449865000555,927.0449865000555,927.4626166999806,space,0.415811299928464,None,927.4637328999816,927.8618947667458,928.168424500036,928.1579852000577,928.1585928000277,928.168424500036,928.168424500036,928.168424500036,931.0463092999998,350,1,[2.8775408000219613],[2.8775522999931127],1,001,2025-11-13_16h28.09.951,untitled,,2025.1.1,59.89630754560734,2025-11-13 16h28.23.966103 +0530,
0.1,1000,exp,186,6,15,space,0.3716835998930037,None,200,1,[2.8117727999342605],[2.8117903999518603],15,6,186,6,931.0620625000447,,931.0466116999742,931.0620625000447,932.0621274000732,932.0621274000732,932.0621274000732,932.4465378000168,space,0.3716835998930037,None,932.4477458000183,932.5620241667532,932.866981200059,932.8575240999926,932.8580506000435,932.866981200059,932.866981200059,932.866981200059,935.6792100000894,200,1,[2.8117727999342605],[2.8117903999518603],1,001,2025-11-13_16h28.09.951,untitled,,2025.1.1,59.89630754560734,2025-11-13 16h28.23.966103 +0530,
0.1,1000,exp,187,7,15,space,0.4191422000294551,None,400,1,[3.342249399982393],[3.3422606999520212],15,7,187,3,935.695167100057,,935.6794972000644,935.695167100057,936.6777325000148,936.6777325000148,936.6945100000594,937.113334099995,space,0.4191422000294551,None,937.114630700089,937.2280613666555,937.5377867000643,937.5262927000877,937.5274563999847,937.5377867000643,937.5377867000643,937.5377867000643,940.880461600027,400,1,[3.342249399982393],[3.3422606999520212],1,001,2025-11-13_16h28.09.951,untitled,,2025.1.1,59.89630754560734,2025-11-13 16h28.23.966103 +0530,
0.7,1000,exp,188,8,15,space,0.3159902999177575,None,850,1,[2.742283600033261],[2.7422944999998435],15,8,188,8,940.894692300004,,940.8808794000652,940.894692300004,941.8955124000786,941.8955124000786,941.8955124000786,942.2126737000654,space,0.3159902999177575,None,942.2140874000033,942.9119677666497,943.2194180000806,943.207142499974,943.2076371000148,943.2194180000806,943.2194180000806,943.2194180000806,945.9620838999981,850,1,[2.742283600033261],[2.7422944999998435],1,001,2025-11-13_16h28.09.951,untitled,,2025.1.1,59.89630754560734,2025-11-13 16h28.23.966103 +0530,
0.1,400,unexp,189,9,15,space,0.5770247998880222,None,500,1,[2.6465742000145838],[2.6465902000200003],15,9,189,0,945.9777921000496,,945.9623923000181,945.9777921000496,946.9620870000217,946.9620870000217,946.9791984000476,947.5458092000335,space,0.5770247998880222,None,947.5471873000497,947.6449342667513,947.9504176999908,947.9395454999758,947.9400299000554,947.9504176999908,947.9504176999908,947.9504176999908,950.5973995000822,500,1,[2.6465742000145838],[2.6465902000200003],1,001,2025-11-13_16h28.09.951,untitled,,2025.1.1,59.89630754560734,2025-11-13 16h28.23.966103 +0530,
0.4,1000,exp,190,10,15,space,0.39543559995945543,None,700,1,[3.0483585000038147],[3.0485498000634834],15,10,190,7,950.6109016999835,,950.5977144000353,950.6109016999835,951.6117948000319,951.6117948000319,951.6117948000319,952.0119804000715,space,0.39543559995945543,None,952.0125530000078,952.4118745667549,952.7152246000478,952.704812400043,952.7053547999822,952.7152246000478,952.7152246000478,952.7152246000478,955.7643980000867,700,1,[3.0483585000038147],[3.0485498000634834],1,001,2025-11-13_16h28.09.951,untitled,,2025.1.1,59.89630754560734,2025-11-13 16h28.23.966103 +0530,
0.7,400,unexp,191,11,15,space,0.30016960005741566,None,900,1,[1.9703331000637263],[1.9703479000600055],15,11,191,2,955.778180000023,,955.7647566000232,955.778180000023,956.7785935000284,956.7785935000284,956.7785935000284,957.0798529000022,space,0.30016960005741566,None,957.0811943000881,957.7952604666973,958.109733600053,958.0992171000689,958.0998494999949,958.109733600053,958.109733600053,958.109733600053,960.0805465000449,900,1,[1.9703331000637263],[1.9703479000600055],1,001,2025-11-13_16h28.09.951,untitled,,2025.1.1,59.89630754560734,2025-11-13 16h28.23.966103 +0530,
0.1,1000,exp,192,0,16,space,0.31910329998936504,None,350,1,[3.758382400032133],[3.7583989000413567],16,0,192,9,960.0949741000077,,960.0808346000267,960.0949741000077,961.0953020000597,961.0953020000597,961.0953020000597,961.4295746000716,space,0.31910329998936504,None,961.4307148000225,961.545472766684,961.8565043000272,961.845164300059,961.8460367000662,961.8565043000272,961.8565043000272,961.8565043000272,965.6153286000481,350,1,[3.758382400032133],[3.7583989000413567],1,001,2025-11-13_16h28.09.951,untitled,,2025.1.1,59.89630754560734,2025-11-13 16h28.23.966103 +0530,
0.4,1000,exp,193,1,16,space,0.5482068000128493,None,500,1,[2.659377200063318],[2.659400500007905],16,1,193,7,965.6285515000345,,965.6156860999763,965.6285515000345,966.6288058999926,966.6288058999926,966.6288058999926,967.1793033999857,space,0.5482068000128493,None,967.1801471000072,967.5787682666598,967.8882540999912,967.8787699000677,967.8792835000204,967.8882540999912,967.8882540999912,967.8882540999912,970.5482086000266,500,1,[2.659377200063318],[2.659400500007905],1,001,2025-11-13_16h28.09.951,untitled,,2025.1.1,59.89630754560734,2025-11-13 16h28.23.966103 +0530,
0.1,1000,exp,194,2,16,space,0.4398835999891162,None,300,1,[2.257575999945402],[2.257587500032969],16,2,194,3,970.5619328999892,,970.5486712000566,970.5619328999892,971.5625001000008,971.5625001000008,971.5625001000008,972.0156594000291,space,0.4398835999891162,None,972.0165463000303,972.1289660666991,972.4391413000412,972.4276731000282,972.4282949999906,972.4391413000412,972.4391413000412,972.4391413000412,974.6971988000441,300,1,[2.257575999945402],[2.257587500032969],1,001,2025-11-13_16h28.09.951,untitled,,2025.1.1,59.89630754560734,2025-11-13 16h28.23.966103 +0530,
0.7,1000,exp,195,3,16,space,0.31069600000046194,None,700,1,[3.2868668000446633],[3.2868773000082],16,3,195,11,974.7116031000623,,974.6976801999845,974.7116031000623,975.7116983000888,975.7116983000888,975.7116983000888,976.03017370007,space,0.31069600000046194,None,976.0318920999998,976.7451558666692,977.0594585000072,977.0461561999982,977.0468922000146,977.0594585000072,977.0594585000072,977.0594585000072,980.3467039000243,700,1,[3.2868668000446633],[3.2868773000082],1,001,2025-11-13_16h28.09.951,untitled,,2025.1.1,59.89630754560734,2025-11-13 16h28.23.966103 +0530,
0.7,1000,exp,196,4,16,space,0.36494320002384484,None,400,1,[2.3572411000495777],[2.357252400019206],16,4,196,5,980.3616462000646,,980.3470255000284,980.3616462000646,981.3621250999859,981.3621250999859,981.3621250999859,981.7291989000514,space,0.36494320002384484,None,981.7304438999854,982.4289755667016,982.739255100023,982.7251217000885,982.7257134000538,982.739255100023,982.739255100023,982.739255100023,985.0970173000824,400,1,[2.3572411000495777],[2.357252400019206],1,001,2025-11-13_16h28.09.951,untitled,,2025.1.1,59.89630754560734,2025-11-13 16h28.23.966103 +0530,
0.1,1000,exp,197,5,16,space,0.3164430999895558,None,200,1,[3.7706640999531373],[3.7706793999532238],16,5,197,6,985.1109390000347,,985.0973486000439,985.1109390000347,986.112096900004,986.112096900004,986.112096900004,986.429816900054,space,0.3164430999895558,None,986.4317441000603,986.5454190667408,986.8579324000748,986.8481394000119,986.8486639000475,986.8579324000748,986.8579324000748,986.8579324000748,990.6290633999743,200,1,[3.7706640999531373],[3.7706793999532238],1,001,2025-11-13_16h28.09.951,untitled,,2025.1.1,59.89630754560734,2025-11-13 16h28.23.966103 +0530,
0.4,1000,exp,198,6,16,space,0.31239780003670603,None,400,1,[2.231879699975252],[2.231898199999705],16,6,198,4,990.6451255000429,,990.6294189000037,990.6451255000429,991.6280481000431,991.6280481000431,991.6458422000287,991.9454107000493,space,0.31239780003670603,None,991.946191700059,992.3455889666841,992.6489821000723,992.6389901000075,992.6394746000879,992.6489821000723,992.6489821000723,992.6489821000723,994.8814576000441,400,1,[2.231879699975252],[2.231898199999705],1,001,2025-11-13_16h28.09.951,untitled,,2025.1.1,59.89630754560734,2025-11-13 16h28.23.966103 +0530,
0.4,400,unexp,199,7,16,space,0.2653442000737414,None,450,1,[3.0301353000104427],[3.0301511000143364],16,7,199,1,994.8951841000235,,994.8818774999818,994.8951841000235,995.8950956000481,995.8950956000481,995.8950956000481,996.1621707000304,space,0.2653442000737414,None,996.1630620000651,996.5624194667364,996.8686972000869,996.8570290000644,996.8576036000159,996.8686972000869,996.8686972000869,996.8686972000869,999.8992729000747,450,1,[3.0301353000104427],[3.0301511000143364],1,001,2025-11-13_16h28.09.951,untitled,,2025.1.1,59.89630754560734,2025-11-13 16h28.23.966103 +0530,
0.7,400,unexp,200,8,16,space,0.3980642999522388,None,750,1,[3.342231299960986],[3.342243100050837],16,8,200,2,999.9118801000295,,999.899639600073,999.9118801000295,1000.9121267000446,1000.9121267000446,1000.9121267000446,1001.3125024000183,space,0.3980642999522388,None,1001.3133919000393,1002.0281435667459,1002.3369367000414,1002.325817200006,1002.3263276000507,1002.3369367000414,1002.3369367000414,1002.3369367000414,1005.6795733000617,750,1,[3.342231299960986],[3.342243100050837],1,001,2025-11-13_16h28.09.951,untitled,,2025.1.1,59.89630754560734,2025-11-13 16h28.23.966103 +0530,
0.7,1000,exp,201,9,16,space,0.47085709997918457,None,800,1,[2.7728101999964565],[2.7728235999820754],16,9,201,8,1005.6946510000853,,1005.6799883000785,1005.6946510000853,1006.678627400077,1006.678627400077,1006.6945045000175,1007.1631287999917,space,0.47085709997918457,None,1007.1643009000691,1007.878412366674,1008.1906272000633,1008.1763121000258,1008.1777339000255,1008.1906272000633,1008.1906272000633,1008.1906272000633,1010.9643505000276,800,1,[2.7728101999964565],[2.7728235999820754],1,001,2025-11-13_16h28.09.951,untitled,,2025.1.1,59.89630754560734,2025-11-13 16h28.23.966103 +0530,
0.4,1000,exp,202,10,16,space,0.383944800007157,None,600,1,[2.8242425998905674],[2.8242586998967454],16,10,202,10,1010.9782767000142,,1010.9646827999968,1010.9782767000142,1011.9788275000174,1011.9788275000174,1011.9788275000174,1012.3635558000533,space,0.383944800007157,None,1012.3651646000799,1012.7779997666987,1013.0898226000136,1013.0789235000266,1013.0794089999981,1013.0898226000136,1013.0898226000136,1013.0898226000136,1015.9146492000436,600,1,[2.8242425998905674],[2.8242586998967454],1,001,2025-11-13_16h28.09.951,untitled,,2025.1.1,59.89630754560734,2025-11-13 16h28.23.966103 +0530,
0.1,400,unexp,203,11,16,space,0.4410613999934867,None,350,1,[3.0577764000045136],[3.0577879999764264],16,11,203,0,1015.9282382000238,,1015.9150072999764,1015.9282382000238,1016.9309715999989,1016.9309715999989,1016.9309715999989,1017.3795700999908,space,0.4410613999934867,None,1017.3808510000817,1017.4952254667335,1017.804822999984,1017.794479800039,1017.7952442000387,1017.804822999984,1017.804822999984,1017.804822999984,1020.8631149000721,350,1,[3.0577764000045136],[3.0577879999764264],1,001,2025-11-13_16h28.09.951,untitled,,2025.1.1,59.89630754560734,2025-11-13 16h28.23.966103 +0530,
0.7,1000,exp,204,0,17,space,1.8181382999755442,None,900,1,[2.197188299964182],[2.197200399939902],17,0,204,11,1020.8779187999899,,1020.8636228999821,1020.8779187999899,1021.8780274000019,1021.8780274000019,1021.8780274000019,1023.6970313000493,space,1.8181382999755442,None,1023.6982441000873,1024.4118211666976,1024.7173864999786,1024.7065169999842,1024.7069601999829,1024.7173864999786,1024.7173864999786,1024.7173864999786,1026.9150515000802,900,1,[2.197188299964182],[2.197200399939902],1,001,2025-11-13_16h28.09.951,untitled,,2025.1.1,59.89630754560734,2025-11-13 16h28.23.966103 +0530,
0.7,1000,exp,205,1,17,space,0.47632839996367693,None,850,1,[3.3237217999994755],[3.3237354999873787],17,1,205,8,1026.9280922000762,,1026.9153898999793,1026.9280922000762,1027.9292732999893,1027.9292732999893,1027.9292732999893,1028.4128922000527,space,0.47632839996367693,None,1028.4143491000868,1029.1120006667372,1029.4221491999924,1029.4096822000574,1029.4111300000222,1029.4221491999924,1029.4221491999924,1029.4221491999924,1032.7462456000503,850,1,[3.3237217999994755],[3.3237354999873787],1,001,2025-11-13_16h28.09.951,untitled,,2025.1.1,59.89630754560734,2025-11-13 16h28.23.966103 +0530,
0.4,1000,exp,206,2,17,space,0.6009289999492466,None,600,1,[3.0105333999963477],[3.010558200068772],17,2,206,4,1032.7614560000366,,1032.746546200011,1032.7614560000366,1033.7454020000296,1033.7454020000296,1033.7619836999802,1034.363308900036,space,0.6009289999492466,None,1034.3654591999948,1034.7784453667157,1035.0861050999956,1035.0765534000238,1035.0770393999992,1035.0861050999956,1035.0861050999956,1035.0861050999956,1038.0969817000441,600,1,[3.0105333999963477],[3.010558200068772],1,001,2025-11-13_16h28.09.951,untitled,,2025.1.1,59.89630754560734,2025-11-13 16h28.23.966103 +0530,
0.7,400,unexp,207,3,17,space,0.29610409995075315,None,700,1,[3.9944025999866426],[3.9944186999928206],17,3,207,2,1038.1115824000444,,1038.0972734000534,1038.1115824000444,1039.1121125000063,1039.1121125000063,1039.1121125000063,1039.4126751000294,space,0.29610409995075315,None,1039.4141538999975,1040.1281762667388,1040.4360228000442,1040.4256308000768,1040.4262258000672,1040.4360228000442,1040.4360228000442,1040.4360228000442,1044.430911000003,700,1,[3.9944025999866426],[3.9944186999928206],1,001,2025-11-13_16h28.09.951,untitled,,2025.1.1,59.89630754560734,2025-11-13 16h28.23.966103 +0530,
0.7,1000,exp,208,4,17,space,0.2416361999930814,None,900,1,[2.627636600052938],[2.6276524000568315],17,4,208,5,1044.4450349999825,,1044.4312890000874,1044.4450349999825,1045.4453786000377,1045.4453786000377,1045.4453786000377,1045.6960462999996,space,0.2416361999930814,None,1045.697224100004,1046.4121821666524,1046.7199937000405,1046.7092066999758,1046.7097691000672,1046.7199937000405,1046.7199937000405,1046.7199937000405,1049.348037000047,900,1,[2.627636600052938],[2.6276524000568315],1,001,2025-11-13_16h28.09.951,untitled,,2025.1.1,59.89630754560734,2025-11-13 16h28.23.966103 +0530,
0.1,1000,exp,209,5,17,space,0.3674831000389531,None,500,1,[2.984829599969089],[2.984843400074169],17,5,209,3,1049.3617695000721,,1049.348376500071,1049.3617695000721,1050.3618809999898,1050.3618809999898,1050.3618809999898,1050.7300956000108,space,0.3674831000389531,None,1050.7314910000423,1050.845237966689,1051.145238899975,1051.134732500068,1051.1352201000554,1051.145238899975,1051.145238899975,1051.145238899975,1054.1305133000715,500,1,[2.984829599969089],[2.984843400074169],1,001,2025-11-13_16h28.09.951,untitled,,2025.1.1,59.89630754560734,2025-11-13 16h28.23.966103 +0530,
0.4,400,unexp,210,6,17,space,0.494875599979423,None,600,1,[2.7602229000767693],[2.7602410000981763],17,6,210,1,1054.1448164000176,,1054.1309791000094,1054.1448164000176,1055.1453796999995,1055.1453796999995,1055.1453796999995,1055.6464739000658,space,0.494875599979423,None,1055.6473109000362,1056.0621531666877,1056.3705679000122,1056.3567623000126,1056.3573783000465,1056.3705679000122,1056.3705679000122,1056.3705679000122,1059.1312432000414,600,1,[2.7602229000767693],[2.7602410000981763],1,001,2025-11-13_16h28.09.951,untitled,,2025.1.1,59.89630754560734,2025-11-13 16h28.23.966103 +0530,
0.4,1000,exp,211,7,17,space,0.4586321999086067,None,600,1,[2.2445327999303117],[2.2445508999517187],17,7,211,7,1059.1450352000538,,1059.1315871999832,1059.1450352000538,1060.1452858999837,1060.1452858999837,1060.1452858999837,1060.6129499999806,space,0.4586321999086067,None,1060.6146374000236,1061.0122019666635,1061.3197699000593,1061.3085013000527,1061.3091069000075,1061.3197699000593,1061.3197699000593,1061.3197699000593,1063.5648075999925,600,1,[2.2445327999303117],[2.2445508999517187],1,001,2025-11-13_16h28.09.951,untitled,,2025.1.1,59.89630754560734,2025-11-13 16h28.23.966103 +0530,
0.1,1000,exp,212,8,17,space,0.8008281999500468,None,300,1,[5.8980697999941185],[5.898085299995728],17,8,212,9,1063.578528400045,,1063.565140300081,1063.578528400045,1064.5788950000424,1064.5788950000424,1064.5788950000424,1065.396501500043,space,0.8008281999500468,None,1065.3974222000688,1065.5118673666768,1065.817439800012,1065.8064583999803,1065.8069257000461,1065.817439800012,1065.817439800012,1065.817439800012,1071.7170153000625,300,1,[5.8980697999941185],[5.898085299995728],1,001,2025-11-13_16h28.09.951,untitled,,2025.1.1,59.89630754560734,2025-11-13 16h28.23.966103 +0530,
0.1,400,unexp,213,9,17,space,0.4731374999973923,None,500,1,[2.328534899977967],[2.328550999984145],17,9,213,0,1071.727684100042,,1071.7174950999906,1071.727684100042,1072.728643600014,1072.728643600014,1072.728643600014,1073.2131073999917,space,0.4731374999973923,None,1073.214657500037,1073.32829086675,1073.6351960999891,1073.6245080999797,1073.6251557000214,1073.6351960999891,1073.6351960999891,1073.6351960999891,1075.964274100028,500,1,[2.328534899977967],[2.328550999984145],1,001,2025-11-13_16h28.09.951,untitled,,2025.1.1,59.89630754560734,2025-11-13 16h28.23.966103 +0530,
0.4,1000,exp,214,10,17,space,0.35381890006829053,None,500,1,[2.142434399924241],[2.1424463998991996],17,10,214,10,1075.9782408999745,,1075.9646262000315,1075.9782408999745,1076.9781410000287,1076.9781410000287,1076.9781410000287,1077.3463358000154,space,0.35381890006829053,None,1077.3483623000793,1077.761552366723,1078.0708502000198,1078.0586743000895,1078.0591945999768,1078.0708502000198,1078.0708502000198,1078.0708502000198,1080.21405160008,500,1,[2.142434399924241],[2.1424463998991996],1,001,2025-11-13_16h28.09.951,untitled,,2025.1.1,59.89630754560734,2025-11-13 16h28.23.966103 +0530,
0.1,1000,exp,215,11,17,space,0.42000679997727275,None,300,1,[2.8601512000896037],[2.8601798000745475],17,11,215,6,1080.2282560999738,,1080.2143514000345,1080.2282560999738,1081.2286750000203,1081.2286750000203,1081.2286750000203,1081.6624364000745,space,0.42000679997727275,None,1081.6638016999932,1081.7784768667227,1082.0873948000371,1082.077169300057,1082.0777814000612,1082.0873948000371,1082.0873948000371,1082.0873948000371,1084.9490219000727,300,1,[2.8601512000896037],[2.8601798000745475],1,001,2025-11-13_16h28.09.951,untitled,,2025.1.1,59.89630754560734,2025-11-13 16h28.23.966103 +0530,
0.7,1000,exp,216,0,18,space,0.4119959999807179,None,800,1,[2.1812422000803053],[2.181253300048411],18,0,216,11,1084.9608002000023,,1084.9495161999948,1084.9608002000023,1085.9620328000747,1085.9620328000747,1085.9620328000747,1086.3798312,space,0.4119959999807179,None,1086.3809792000102,1087.0956452666471,1087.3996727999765,1087.3886827999959,1087.3892065000255,1087.3996727999765,1087.3996727999765,1087.3996727999765,1089.5812554000877,800,1,[2.1812422000803053],[2.181253300048411],1,001,2025-11-13_16h28.09.951,untitled,,2025.1.1,59.89630754560734,2025-11-13 16h28.23.966103 +0530,
0.1,1000,exp,217,1,18,space,0.49131900002248585,None,200,1,[2.6118022999726236],[2.611819399986416],18,1,217,9,1089.5950860000448,,1089.5815421000589,1089.5950860000448,1090.595411800081,1090.595411800081,1090.595411800081,1091.0965852000518,space,0.49131900002248585,None,1091.0978590000886,1091.2112042667034,1091.5173832,1091.5071647000732,1091.507640899974,1091.5173832,1091.5173832,1091.5173832,1094.1295977000846,200,1,[2.6118022999726236],[2.611819399986416],1,001,2025-11-13_16h28.09.951,untitled,,2025.1.1,59.89630754560734,2025-11-13 16h28.23.966103 +0530,
0.4,1000,exp,218,2,18,space,0.32601489999797195,None,500,1,[2.0935386000201106],[2.093550599995069],18,2,218,7,1094.1453894000733,,1094.1298912999919,1094.1453894000733,1095.128826500033,1095.128826500033,1095.1452495000558,1095.4628757999744,space,0.32601489999797195,None,1095.4639718000544,1095.8622201666624,1096.1688992000418,1096.1584621000802,1096.1589493000647,1096.1688992000418,1096.1688992000418,1096.1688992000418,1098.2627168999752,500,1,[2.0935386000201106],[2.093550599995069],1,001,2025-11-13_16h28.09.951,untitled,,2025.1.1,59.89630754560734,2025-11-13 16h28.23.966103 +0530,
0.7,400,unexp,219,3,18,space,0.8083166000433266,None,750,1,[3.2256820999318734],[3.225694900029339],18,3,219,2,1098.277851400082,,1098.2629975000164,1098.277851400082,1099.2617580000078,1099.2617580000078,1099.2787766000256,1100.0792862999951,space,0.8083166000433266,None,1100.0806125000818,1100.7788616667424,1101.0888838000828,1101.0786427999847,1101.0792548999889,1101.0888838000828,1101.0888838000828,1101.0888838000828,1104.314959099982,750,1,[3.2256820999318734],[3.225694900029339],1,001,2025-11-13_16h28.09.951,untitled,,2025.1.1,59.89630754560734,2025-11-13 16h28.23.966103 +0530,
0.7,1000,exp,220,4,18,space,0.3809612999903038,None,800,1,[2.542712999973446],[2.5427236000541598],18,4,220,8,1104.3286354000447,,1104.3152673000004,1104.3286354000447,1105.3286657000426,1105.3286657000426,1105.3286657000426,1105.712528700009,space,0.3809612999903038,None,1105.713482100051,1106.411973466693,1106.7196252000285,1106.7073019000236,1106.7078523000237,1106.7196252000285,1106.7196252000285,1106.7196252000285,1109.2626381000737,800,1,[2.542712999973446],[2.5427236000541598],1,001,2025-11-13_16h28.09.951,untitled,,2025.1.1,59.89630754560734,2025-11-13 16h28.23.966103 +0530,
0.1,1000,exp,221,5,18,space,1.674076099996455,None,300,1,[2.3612662999657914],[2.361284799990244],18,5,221,6,1109.2785292000044,,1109.2628776000347,1109.2785292000044,1110.2620883000782,1110.2620883000782,1110.2784206999931,1111.946638500085,space,1.674076099996455,None,1111.94789020007,1112.061801166685,1112.3676657000324,1112.356974299997,1112.3574257000582,1112.3676657000324,1112.3676657000324,1112.3676657000324,1114.7293654000387,300,1,[2.3612662999657914],[2.361284799990244],1,001,2025-11-13_16h28.09.951,untitled,,2025.1.1,59.89630754560734,2025-11-13 16h28.23.966103 +0530,
0.4,1000,exp,222,6,18,space,0.7261534999124706,None,450,1,[2.675730300019495],[2.675741199986078],18,6,222,10,1114.74529240001,,1114.729637100012,1114.74529240001,1115.728501399979,1115.728501399979,1115.7457221000222,1116.4625927000307,space,0.7261534999124706,None,1116.4636161000235,1116.8617714667382,1117.1707138000056,1117.1594120999798,1117.160597100039,1117.1707138000056,1117.1707138000056,1117.1707138000056,1119.8468560000183,450,1,[2.675730300019495],[2.675741199986078],1,001,2025-11-13_16h28.09.951,untitled,,2025.1.1,59.89630754560734,2025-11-13 16h28.23.966103 +0530,
0.1,400,unexp,223,7,18,space,0.4153677000431344,None,200,1,[2.2247134000062943],[2.224732600036077],18,7,223,0,1119.8616335000843,,1119.847263499978,1119.8616335000843,1120.8617844000692,1120.8617844000692,1120.8617844000692,1121.2792750999797,space,0.4153677000431344,None,1121.2801643999992,1121.378782066695,1121.68984310003,1121.6802005000645,1121.6806895000627,1121.68984310003,1121.68984310003,1121.68984310003,1123.915160399978,200,1,[2.2247134000062943],[2.224732600036077],1,001,2025-11-13_16h28.09.951,untitled,,2025.1.1,59.89630754560734,2025-11-13 16h28.23.966103 +0530,
0.4,400,unexp,224,8,18,space,0.37996140005998313,None,100,1,[2.9039417000021785],[2.9039552999893203],18,8,224,1,1123.927862700075,,1123.9156692000106,1123.927862700075,1124.9286788000027,1124.9286788000027,1124.9286788000027,1125.3122778000543,space,0.37996140005998313,None,1125.3131579000037,1125.7122782667323,1126.026935000089,1126.0054289000109,1126.0060224999906,1126.026935000089,1126.026935000089,1126.026935000089,1128.9312849000562,100,1,[2.9039417000021785],[2.9039552999893203],1,001,2025-11-13_16h28.09.951,untitled,,2025.1.1,59.89630754560734,2025-11-13 16h28.23.966103 +0530,
0.4,1000,exp,225,9,18,space,0.1975455000065267,None,300,1,[2.3776751999976113],[2.377690099994652],18,9,225,4,1128.945211000042,,1128.9316095000831,1128.945211000042,1129.9452355999965,1129.9452355999965,1129.9452355999965,1130.1458894000389,space,0.1975455000065267,None,1130.1468054000288,1130.5614950666825,1130.8672781999921,1130.8559174999828,1130.856450600084,1130.8672781999921,1130.8672781999921,1130.8672781999921,1133.2454017000273,300,1,[2.3776751999976113],[2.377690099994652],1,001,2025-11-13_16h28.09.951,untitled,,2025.1.1,59.89630754560734,2025-11-13 16h28.23.966103 +0530,
0.7,1000,exp,226,10,18,space,0.48858479992486537,None,700,1,[2.770561399986036],[2.770572099951096],18,10,226,5,1133.2616031999933,,1133.2457352000056,1133.2616031999933,1134.2455907000694,1134.2455907000694,1134.2619638000615,1134.7455574000487,space,0.48858479992486537,None,1134.7463255000766,1135.4452839666667,1135.7583103000652,1135.7482186000561,1135.7487668000394,1135.7583103000652,1135.7583103000652,1135.7583103000652,1138.529171000002,700,1,[2.770561399986036],[2.770572099951096],1,001,2025-11-13_16h28.09.951,untitled,,2025.1.1,59.89630754560734,2025-11-13 16h28.23.966103 +0530,
0.1,1000,exp,227,11,18,space,0.4366400999715552,None,400,1,[2.8952118000015616],[2.8952204999513924],18,11,227,3,1138.545628300053,,1138.5294100000756,1138.545628300053,1139.5455854000757,1139.5455854000757,1139.5455854000757,1139.9967880999902,space,0.4366400999715552,None,1139.9979624000844,1140.1118987666598,1140.4170214000624,1140.4060139000649,1140.4065961000742,1140.4170214000624,1140.4170214000624,1140.4170214000624,1143.312526700087,400,1,[2.8952118000015616],[2.8952204999513924],1,001,2025-11-13_16h28.09.951,untitled,,2025.1.1,59.89630754560734,2025-11-13 16h28.23.966103 +0530,
0.7,1000,exp,228,0,19,space,0.4084748999448493,None,750,1,[2.7954657999798656],[2.795477500068955],19,0,228,5,1143.3286160000134,,1143.312804199988,1143.3286160000134,1144.3119966000086,1144.3119966000086,1144.3286525000585,1144.7293684000615,space,0.4084748999448493,None,1144.7304011000087,1145.4288656666797,1145.734525399981,1145.7247800000478,1145.7254324000096,1145.734525399981,1145.734525399981,1145.734525399981,1148.5304134000326,750,1,[2.7954657999798656],[2.795477500068955],1,001,2025-11-13_16h28.09.951,untitled,,2025.1.1,59.89630754560734,2025-11-13 16h28.23.966103 +0530,
0.7,400,unexp,229,1,19,space,0.4657172999577597,None,700,1,[4.011311899987049],[4.011324800085276],19,1,229,2,1148.5448998999782,,1148.5308176000835,1148.5448998999782,1149.5451224000426,1149.5451224000426,1149.5451224000426,1150.0123465000652,space,0.4657172999577597,None,1150.0133729000809,1150.7115058666716,1151.0190510000102,1151.0088885000441,1151.0094707000535,1151.0190510000102,1151.0190510000102,1151.0190510000102,1155.0307256000815,700,1,[4.011311899987049],[4.011324800085276],1,001,2025-11-13_16h28.09.951,untitled,,2025.1.1,59.89630754560734,2025-11-13 16h28.23.966103 +0530,
0.4,1000,exp,230,2,19,space,0.40498639992438257,None,500,1,[2.4108184999786317],[2.4108307999558747],19,2,230,10,1155.0450931000523,,1155.0310200999957,1155.0450931000523,1156.0452371999854,1156.0452371999854,1156.0452371999854,1156.4636101999786,space,0.40498639992438257,None,1156.4650995000266,1156.8786651667363,1157.1867745000636,1157.174866400077,1157.175488100038,1157.1867745000636,1157.1867745000636,1157.1867745000636,1159.5979816999752,500,1,[2.4108184999786317],[2.4108307999558747],1,001,2025-11-13_16h28.09.951,untitled,,2025.1.1,59.89630754560734,2025-11-13 16h28.23.966103 +0530,
0.4,1000,exp,231,3,19,space,0.32287120004184544,None,650,1,[2.8770627999911085],[2.877077699988149],19,3,231,7,1159.6116642000852,,1159.5982890999876,1159.6116642000852,1160.6119543000823,1160.6119543000823,1160.6119543000823,1160.9461795000825,space,0.32287120004184544,None,1160.947080400074,1161.3618185667476,1161.669715899974,1161.6604172000661,1161.6609182000393,1161.669715899974,1161.669715899974,1161.669715899974,1164.5473448000848,650,1,[2.8770627999911085],[2.877077699988149],1,001,2025-11-13_16h28.09.951,untitled,,2025.1.1,59.89630754560734,2025-11-13 16h28.23.966103 +0530,
0.4,400,unexp,232,4,19,space,0.47729009995236993,None,300,1,[2.5517379000084475],[2.5517493000952527],19,4,232,1,1164.5616569999838,,1164.547742200084,1164.5616569999838,1165.5619505000068,1165.5619505000068,1165.5619505000068,1166.0460405000485,space,0.47729009995236993,None,1166.0469616000773,1166.4451676667125,1166.7605642999988,1166.747229599976,1166.7479325999739,1166.7605642999988,1166.7605642999988,1166.7605642999988,1169.3126195999794,300,1,[2.5517379000084475],[2.5517493000952527],1,001,2025-11-13_16h28.09.951,untitled,,2025.1.1,59.89630754560734,2025-11-13 16h28.23.966103 +0530,
0.1,1000,exp,233,5,19,space,0.4166694999439642,None,600,1,[3.1605980000458658],[3.1606784999603406],19,5,233,3,1169.3284413000802,,1169.312920800061,1169.3284413000802,1170.312120800023,1170.312120800023,1170.3285793000832,1170.7301953000715,space,0.4166694999439642,None,1170.7316515999846,1170.8451555666436,1171.168318400043,1171.1487471000291,1171.1491676000878,1171.168318400043,1171.168318400043,1171.168318400043,1174.3295569000766,600,1,[3.1605980000458658],[3.1606784999603406],1,001,2025-11-13_16h28.09.951,untitled,,2025.1.1,59.89630754560734,2025-11-13 16h28.23.966103 +0530,
0.1,1000,exp,234,6,19,space,3.182731100008823,None,200,1,[2.4712598000187427],[2.4712688999716192],19,6,234,9,1174.3448472999735,,1174.3299047000473,1174.3448472999735,1175.3444308000617,1175.3444308000617,1175.3444308000617,1178.5287716999883,space,3.182731100008823,None,1178.5296586999903,1178.628500166644,1178.9407199000707,1178.928824700066,1178.929523800034,1178.9407199000707,1178.9407199000707,1178.9407199000707,1181.4122721999884,200,1,[2.4712598000187427],[2.4712688999716192],1,001,2025-11-13_16h28.09.951,untitled,,2025.1.1,59.89630754560734,2025-11-13 16h28.23.966103 +0530,
0.1,400,unexp,235,7,19,space,0.43448569998145103,None,300,1,[2.2212823999579996],[2.2212904000189155],19,7,235,0,1181.4285697999876,,1181.412535200012,1181.4285697999876,1182.412375300075,1182.412375300075,1182.4290613000048,1182.8477962000761,space,0.43448569998145103,None,1182.8488595000235,1182.9616796667144,1183.2740664000157,1183.2651054000016,1183.2655383000383,1183.2740664000157,1183.2740664000157,1183.2740664000157,1185.495779399993,300,1,[2.2212823999579996],[2.2212904000189155],1,001,2025-11-13_16h28.09.951,untitled,,2025.1.1,59.89630754560734,2025-11-13 16h28.23.966103 +0530,
0.1,1000,exp,236,8,19,space,0.3414034000597894,None,400,1,[3.277885999996215],[3.2778959000715986],19,8,236,6,1185.5115360000636,,1185.4960433000233,1185.5115360000636,1186.4956643000478,1186.4956643000478,1186.5118629999924,1186.8460472000297,space,0.3414034000597894,None,1186.8477850999916,1186.9616238667552,1187.267731799977,1187.2553289000643,1187.2559917999897,1187.267731799977,1187.267731799977,1187.267731799977,1190.5459240999771,400,1,[3.277885999996215],[3.2778959000715986],1,001,2025-11-13_16h28.09.951,untitled,,2025.1.1,59.89630754560734,2025-11-13 16h28.23.966103 +0530,
0.7,1000,exp,237,9,19,space,1.2565931999124587,None,600,1,[2.271121999947354],[2.2711341000394896],19,9,237,8,1190.561583200004,,1190.546190700028,1190.561583200004,1191.561539300019,1191.561539300019,1191.561539300019,1192.8297963000368,space,1.2565931999124587,None,1192.831531099975,1193.5448445666736,1193.8578897999832,1193.8464966000756,1193.847436400014,1193.8578897999832,1193.8578897999832,1193.8578897999832,1196.1293389999773,600,1,[2.271121999947354],[2.2711341000394896],1,001,2025-11-13_16h28.09.951,untitled,,2025.1.1,59.89630754560734,2025-11-13 16h28.23.966103 +0530,
0.4,1000,exp,238,10,19,space,0.5516976000508294,None,600,1,[2.9217197000980377],[2.921735200099647],19,10,238,4,1196.1453365000198,,1196.1296200000215,1196.1453365000198,1197.1451901000692,1197.1451901000692,1197.1451901000692,1197.7126188999973,space,0.5516976000508294,None,1197.7142248000018,1198.1122834666787,1198.4240099000745,1198.4149118000641,1198.4153739999747,1198.4240099000745,1198.4240099000745,1198.4240099000745,1201.346201300039,600,1,[2.9217197000980377],[2.921735200099647],1,001,2025-11-13_16h28.09.951,untitled,,2025.1.1,59.89630754560734,2025-11-13 16h28.23.966103 +0530,
0.7,1000,exp,239,11,19,space,0.4895602000178769,None,800,1,[2.0292368000373244],[2.0292502000229433],19,11,239,11,1201.3618742000544,,1201.3466048000846,1201.3618742000544,1202.3613629000029,1202.3613629000029,1202.3613629000029,1202.8627528999932,space,0.4895602000178769,None,1202.8639720000792,1203.5782512666813,1203.88708330004,1203.8768773999764,1203.8775366999907,1203.88708330004,1203.88708330004,1203.88708330004,1205.9167036000872,800,1,[2.0292368000373244],[2.0292502000229433],1,001,2025-11-13_16h28.09.951,untitled,,2025.1.1,59.89630754560734,2025-11-13 16h28.23.966103 +0530,
0.4,400,unexp,240,0,20,space,0.45940509997308254,None,600,1,[2.3751628999598324],[2.3751747000496835],20,0,240,1,1205.928065199987,,1205.9170236000791,1205.928065199987,1206.9287269000197,1206.9287269000197,1206.9287269000197,1207.3963522000704,space,0.45940509997308254,None,1207.39745769999,1207.8120202667235,1208.1205141000682,1208.11063260003,1208.1111973000225,1208.1205141000682,1208.1205141000682,1208.1205141000682,1210.4960209000856,600,1,[2.3751628999598324],[2.3751747000496835],1,001,2025-11-13_16h28.09.951,untitled,,2025.1.1,59.89630754560734,2025-11-13 16h28.23.966103 +0530,
0.4,1000,exp,241,1,20,space,0.7660788000794128,None,700,1,[2.8849128000438213],[2.884923700010404],20,1,241,10,1210.5121590000344,,1210.4963232000591,1210.5121590000344,1211.4956759000197,1211.4956759000197,1211.5121474000625,1212.262655000086,space,0.7660788000794128,None,1212.2638720000396,1212.6623696666832,1212.9790844999952,1212.9625720999902,1212.9630486000096,1212.9790844999952,1212.9790844999952,1212.9790844999952,1215.864324000082,700,1,[2.8849128000438213],[2.884923700010404],1,001,2025-11-13_16h28.09.951,untitled,,2025.1.1,59.89630754560734,2025-11-13 16h28.23.966103 +0530,
0.1,400,unexp,242,2,20,space,0.2665948000503704,None,500,1,[2.443271700059995],[2.443287300062366],20,2,242,0,1215.8785183000145,,1215.864552400075,1215.8785183000145,1216.8786697000032,1216.8786697000032,1216.8786697000032,1217.1620170000242,space,0.2665948000503704,None,1217.163092300063,1217.2619258666566,1217.5690247000894,1217.558225600049,1217.5587703000056,1217.5690247000894,1217.5690247000894,1217.5690247000894,1220.0126510000555,500,1,[2.443271700059995],[2.443287300062366],1,001,2025-11-13_16h28.09.951,untitled,,2025.1.1,59.89630754560734,2025-11-13 16h28.23.966103 +0530,
0.7,1000,exp,243,3,20,space,0.32099299994297326,None,750,1,[2.4611946999793872],[2.461206400068477],20,3,243,8,1220.0285958000459,,1220.0129290000768,1220.0285958000459,1221.0284143000608,1221.0284143000608,1221.0284143000608,1221.3635161999846,space,0.32099299994297326,None,1221.3648796000052,1222.0782993666983,1222.3845744000282,1222.3755428000586,1222.3758896000218,1222.3845744000282,1222.3845744000282,1222.3845744000282,1224.8463549000444,750,1,[2.4611946999793872],[2.461206400068477],1,001,2025-11-13_16h28.09.951,untitled,,2025.1.1,59.89630754560734,2025-11-13 16h28.23.966103 +0530,
0.4,1000,exp,244,4,20,space,0.4765704000601545,None,800,1,[2.6969853000482544],[2.6969967000186443],20,4,244,4,1224.8621700999793,,1224.846743299975,1224.8621700999793,1225.8620844000252,1225.8620844000252,1225.8620844000252,1226.3458678000607,space,0.4765704000601545,None,1226.346673800028,1226.761626966709,1227.0661696000025,1227.0567370000063,1227.0571003999794,1227.0661696000025,1227.0661696000025,1227.0661696000025,1229.7649094000226,800,1,[2.6969853000482544],[2.6969967000186443],1,001,2025-11-13_16h28.09.951,untitled,,2025.1.1,59.89630754560734,2025-11-13 16h28.23.966103 +0530,
0.7,1000,exp,245,5,20,space,0.3068066999549046,None,900,1,[1.9637953999917954],[1.9638139000162482],20,5,245,11,1229.778178700013,,1229.7652456000214,1229.778178700013,1230.7786467000842,1230.7786467000842,1230.7786467000842,1231.0963330999948,space,0.3068066999549046,None,1231.0972166000865,1231.8116538667275,1232.1176396000665,1232.1061340000015,1232.1066099000163,1232.1176396000665,1232.1176396000665,1232.1176396000665,1234.081966000027,900,1,[1.9637953999917954],[1.9638139000162482],1,001,2025-11-13_16h28.09.951,untitled,,2025.1.1,59.89630754560734,2025-11-13 16h28.23.966103 +0530,
0.7,1000,exp,246,6,20,space,0.5976042000111192,None,600,1,[2.39232790004462],[2.3923428000416607],20,6,246,5,1234.0954654000234,,1234.0823887999868,1234.0954654000234,1235.0951244999887,1235.0951244999887,1235.0951244999887,1235.6958962000208,space,0.5976042000111192,None,1235.6971107000718,1236.4119990666552,1236.7213164999848,1236.710484500043,1236.7111849000212,1236.7213164999848,1236.7213164999848,1236.7213164999848,1239.1141707000788,600,1,[2.39232790004462],[2.3923428000416607],1,001,2025-11-13_16h28.09.951,untitled,,2025.1.1,59.89630754560734,2025-11-13 16h28.23.966103 +0530,
0.1,1000,exp,247,7,20,space,0.6694155000150204,None,300,1,[2.988359799957834],[2.988373399944976],20,7,247,9,1239.1283604999771,,1239.114539399976,1239.1283604999771,1240.128909500083,1240.128909500083,1240.128909500083,1240.8127424999839,space,0.6694155000150204,None,1240.8146145000355,1240.928579566713,1241.2409773999825,1241.2281279000454,1241.2287625999888,1241.2409773999825,1241.2409773999825,1241.2409773999825,1244.2297933000373,300,1,[2.988359799957834],[2.988373399944976],1,001,2025-11-13_16h28.09.951,untitled,,2025.1.1,59.89630754560734,2025-11-13 16h28.23.966103 +0530,
0.1,1000,exp,248,8,20,space,0.40446840005461127,None,400,1,[3.009022800019011],[3.0090347999939695],20,8,248,6,1244.2450559000717,,1244.2301210000878,1244.2450559000717,1245.2452137999935,1245.2452137999935,1245.2452137999935,1245.661572300014,space,0.40446840005461127,None,1245.662575500086,1245.761985366644,1246.070132700028,1246.058432299993,1246.05906400003,1246.070132700028,1246.070132700028,1246.070132700028,1249.0795623000013,400,1,[3.009022800019011],[3.0090347999939695],1,001,2025-11-13_16h28.09.951,untitled,,2025.1.1,59.89630754560734,2025-11-13 16h28.23.966103 +0530,
0.4,1000,exp,249,9,20,space,0.24652749998494983,None,500,1,[2.256018999963999],[2.2560303999343887],20,9,249,7,1249.0943621000042,,1249.0798738000449,1249.0943621000042,1250.0787921000738,1250.0787921000738,1250.0944369999925,1250.3294194000773,space,0.24652749998494983,None,1250.3307293000398,1250.7449571666696,1251.0562876000768,1251.0461453000316,1251.0466307000024,1251.0562876000768,1251.0562876000768,1251.0562876000768,1253.3126455000602,500,1,[2.256018999963999],[2.2560303999343887],1,001,2025-11-13_16h28.09.951,untitled,,2025.1.1,59.89630754560734,2025-11-13 16h28.23.966103 +0530,
0.7,400,unexp,250,10,20,space,0.48829999996814877,None,500,1,[2.9956976999528706],[2.995709100039676],20,10,250,2,1253.3286953000352,,1253.3129432999995,1253.3286953000352,1254.311995199998,1254.311995199998,1254.3288681000704,1254.8129569999874,space,0.48829999996814877,None,1254.8143524000188,1255.5121333667232,1255.817597300047,1255.806183299981,1255.8067982000066,1255.817597300047,1255.817597300047,1255.817597300047,1258.8140304000117,500,1,[2.9956976999528706],[2.995709100039676],1,001,2025-11-13_16h28.09.951,untitled,,2025.1.1,59.89630754560734,2025-11-13 16h28.23.966103 +0530,
0.1,1000,exp,251,11,20,space,0.38731439993716776,None,300,1,[2.175763899926096],[2.1757831999566406],20,11,251,3,1258.8283425000263,,1258.8143365000142,1258.8283425000263,1259.8288877999876,1259.8288877999876,1259.8288877999876,1260.229840300046,space,0.38731439993716776,None,1260.2309526000172,1260.3453680667483,1260.6528428000165,1260.6423424000386,1260.6427692000289,1260.6528428000165,1260.6528428000165,1260.6528428000165,1262.8292258000001,300,1,[2.175763899926096],[2.1757831999566406],1,001,2025-11-13_16h28.09.951,untitled,,2025.1.1,59.89630754560734,2025-11-13 16h28.23.966103 +0530,
0.1,1000,exp,252,0,21,space,0.41450800001621246,None,200,1,[1.961717400001362],[1.9617277999641374],21,0,252,9,1262.8450598000782,,1262.8295236000558,1262.8450598000782,1263.8280570000643,1263.8280570000643,1263.8449255999876,1264.246254800004,space,0.41450800001621246,None,1264.2471354000736,1264.3622967666636,1264.6679246000713,1264.6561031000456,1264.656831100001,1264.6679246000713,1264.6679246000713,1264.6679246000713,1266.630072100088,200,1,[1.961717400001362],[1.9617277999641374],1,001,2025-11-13_16h28.09.951,untitled,,2025.1.1,59.89630754560734,2025-11-13 16h28.23.966103 +0530,
0.4,1000,exp,253,1,21,space,0.03785329998936504,None,300,1,[2.085598799982108],[2.085612199967727],21,1,253,4,1266.6449429000495,,1266.6303754000692,1266.6449429000495,1267.644577600062,1267.644577600062,1267.644577600062,1267.6967948999954,space,0.03785329998936504,None,1267.6976314000785,1268.1120897667172,1268.426371300011,1268.4084689000156,1268.4093148000538,1268.426371300011,1268.426371300011,1268.426371300011,1270.5125584000489,300,1,[2.085598799982108],[2.085612199967727],1,001,2025-11-13_16h28.09.951,untitled,,2025.1.1,59.89630754560734,2025-11-13 16h28.23.966103 +0530,
0.7,1000,exp,254,2,21,space,0.2961064000846818,None,200,1,[2.1236117999069393],[2.1236233999952674],21,2,254,8,1270.5278719000053,,1270.5128462000284,1270.5278719000053,1271.5122327000136,1271.5122327000136,1271.5285444000037,1271.8119369000196,space,0.2961064000846818,None,1271.8128022000892,1272.5121145666965,1272.8221799000166,1272.8078945000889,1272.808580800076,1272.8221799000166,1272.8221799000166,1272.8221799000166,1274.9462023000233,200,1,[2.1236117999069393],[2.1236233999952674],1,001,2025-11-13_16h28.09.951,untitled,,2025.1.1,59.89630754560734,2025-11-13 16h28.23.966103 +0530,
0.1,1000,exp,255,3,21,space,0.28160200000274926,None,200,1,[2.243423300096765],[2.2434361000778154],21,3,255,3,1274.9611824000021,,1274.9464973000577,1274.9611824000021,1275.9457048000768,1275.9457048000768,1275.9624478999758,1276.228969900054,space,0.28160200000274926,None,1276.2297608000226,1276.3285331667323,1276.6370918999892,1276.6256510000676,1276.6262695000041,1276.6370918999892,1276.6370918999892,1276.6370918999892,1278.8809243000578,200,1,[2.243423300096765],[2.2434361000778154],1,001,2025-11-13_16h28.09.951,untitled,,2025.1.1,59.89630754560734,2025-11-13 16h28.23.966103 +0530,
0.7,400,unexp,256,4,21,space,0.366581599926576,None,400,1,[2.2916051999200135],[2.2916135999839753],21,4,256,2,1278.8948970000492,,1278.8812380000018,1278.8948970000492,1279.8955006999895,1279.8955006999895,1279.8955006999895,1280.2633867000695,space,0.366581599926576,None,1280.2650117999874,1280.978421066717,1281.2872729999945,1281.2773294000654,1281.2778777000494,1281.2872729999945,1281.2872729999945,1281.2872729999945,1283.5791676000226,400,1,[2.2916051999200135],[2.2916135999839753],1,001,2025-11-13_16h28.09.951,untitled,,2025.1.1,59.89630754560734,2025-11-13 16h28.23.966103 +0530,
0.7,1000,exp,257,5,21,space,0.16851580003276467,None,400,1,[2.9596066999947652],[2.9596196999773383],21,5,257,5,1283.5952652000124,,1283.5794566000113,1283.5952652000124,1284.5946261000354,1284.5946261000354,1284.5946261000354,1284.7639239000855,space,0.16851580003276467,None,1284.7651937999763,1285.4785244666894,1285.7871312000789,1285.7761858000886,1285.777337300009,1285.7871312000789,1285.7871312000789,1285.7871312000789,1288.7471565000014,400,1,[2.9596066999947652],[2.9596196999773383],1,001,2025-11-13_16h28.09.951,untitled,,2025.1.1,59.89630754560734,2025-11-13 16h28.23.966103 +0530,
0.7,1000,exp,258,6,21,space,0.5699188000289723,None,300,1,[4.921549400081858],[4.92155610001646],21,6,258,11,1288.7610595000442,,1288.7474816000322,1288.7610595000442,1289.7615903000114,1289.7615903000114,1289.7615903000114,1290.346013500006,space,0.5699188000289723,None,1290.3471107999794,1291.0622328667125,1291.37339600001,1291.3645644000499,1291.3651767000556,1291.37339600001,1291.37339600001,1291.37339600001,1296.2952447000425,300,1,[4.921549400081858],[4.92155610001646],1,001,2025-11-13_16h28.09.951,untitled,,2025.1.1,59.89630754560734,2025-11-13 16h28.23.966103 +0530,
0.4,1000,exp,259,7,21,space,0.28281570004764944,None,500,1,[2.3929751999676228],[2.392992499982938],21,7,259,10,1296.3118543999735,,1296.295474500046,1296.3118543999735,1297.2956081000157,1297.2956081000157,1297.3119122000644,1297.5793249000562,space,0.28281570004764944,None,1297.580547700054,1297.9949654667328,1298.305616699974,1298.2956173000857,1298.29617830005,1298.305616699974,1298.305616699974,1298.305616699974,1300.699093400035,500,1,[2.3929751999676228],[2.392992499982938],1,001,2025-11-13_16h28.09.951,untitled,,2025.1.1,59.89630754560734,2025-11-13 16h28.23.966103 +0530,
0.4,400,unexp,260,8,21,space,0.5586108999559656,None,400,1,[3.104977300041355],[3.1049874000018463],21,8,260,1,1300.7116793000605,,1300.6994795000646,1300.7116793000605,1301.7115438000765,1301.7115438000765,1301.7115438000765,1302.2797453000676,space,0.5586108999559656,None,1302.2805024000118,1302.6951161666695,1303.0065316000255,1302.9978629000252,1302.9982936000451,1303.0065316000255,1303.0065316000255,1303.0065316000255,1306.111802300089,400,1,[3.104977300041355],[3.1049874000018463],1,001,2025-11-13_16h28.09.951,untitled,,2025.1.1,59.89630754560734,2025-11-13 16h28.23.966103 +0530,
0.1,400,unexp,261,9,21,space,0.36691049998626113,None,300,1,[2.3901175999781117],[2.3901306999614462],21,9,261,0,1306.1280521000735,,1306.1120779999765,1306.1280521000735,1307.111714300001,1307.111714300001,1307.128268499975,1307.4794876000378,space,0.36691049998626113,None,1307.4804614000022,1307.595231666641,1307.9067606000463,1307.896805700031,1307.8973359999945,1307.9067606000463,1307.9067606000463,1307.9067606000463,1310.2973762999754,300,1,[2.3901175999781117],[2.3901306999614462],1,001,2025-11-13_16h28.09.951,untitled,,2025.1.1,59.89630754560734,2025-11-13 16h28.23.966103 +0530,
0.4,1000,exp,262,10,21,space,0.45682590000797063,None,400,1,[2.7899245999287814],[2.7899386000353843],21,10,262,7,1310.3114106000867,,1310.2977818000363,1310.3114106000867,1311.3120899000205,1311.3120899000205,1311.3120899000205,1311.7798642000416,space,0.45682590000797063,None,1311.7809003000148,1312.1952651667564,1312.5079279000638,1312.4944710000418,1312.4952809000388,1312.5079279000638,1312.5079279000638,1312.5079279000638,1315.298260300071,400,1,[2.7899245999287814],[2.7899386000353843],1,001,2025-11-13_16h28.09.951,untitled,,2025.1.1,59.89630754560734,2025-11-13 16h28.23.966103 +0530,
0.1,1000,exp,263,11,21,space,0.4940470999572426,None,350,1,[2.790370999951847],[2.790383799932897],21,11,263,6,1315.3118081000866,,1315.298591000028,1315.3118081000866,1316.3119603000814,1316.3119603000814,1316.3119603000814,1316.8132788999937,space,0.4940470999572426,None,1316.814339500037,1316.928368666737,1317.2387344000163,1317.2284831000725,1317.2289397000568,1317.2387344000163,1317.2387344000163,1317.2387344000163,1320.0294565000804,350,1,[2.790370999951847],[2.790383799932897],1,001,2025-11-13_16h28.09.951,untitled,,2025.1.1,59.89630754560734,2025-11-13 16h28.23.966103 +0530,
0.7,1000,exp,264,0,22,space,0.3284324000123888,None,800,1,[1.8908364999806508],[1.8908458999358118],22,0,264,5,1320.0451761999866,,1320.02971110004,1320.0451761999866,1321.0288681000238,1321.0288681000238,1321.0455847000703,1321.363906100043,space,0.3284324000123888,None,1321.3650491000153,1322.0786179666795,1322.3890718000475,1322.378749400028,1322.3793849999784,1322.3890718000475,1322.3890718000475,1322.3890718000475,1324.2802867999999,800,1,[1.8908364999806508],[1.8908458999358118],1,001,2025-11-13_16h28.09.951,untitled,,2025.1.1,59.89630754560734,2025-11-13 16h28.23.966103 +0530,
0.4,1000,exp,265,1,22,space,0.34497749991714954,None,500,1,[3.797406499972567],[3.7974182999460027],22,1,265,4,1324.2949711000547,,1324.280533400015,1324.2949711000547,1325.2945141000673,1325.2945141000673,1325.2945141000673,1325.6463548999745,space,0.34497749991714954,None,1325.6474208000582,1326.0619825666693,1326.3658657000633,1326.3551838999847,1326.3557469000807,1326.3658657000633,1326.3658657000633,1326.3658657000633,1330.16409440001,500,1,[3.797406499972567],[3.7974182999460027],1,001,2025-11-13_16h28.09.951,untitled,,2025.1.1,59.89630754560734,2025-11-13 16h28.23.966103 +0530,
0.1,1000,exp,266,2,22,space,0.33326800004579127,None,300,1,[2.4303230000659823],[2.4303371000569314],22,2,266,6,1330.17829359998,,1330.164405300049,1330.17829359998,1331.1786835000385,1331.1786835000385,1331.1786835000385,1331.5129423000617,space,0.33326800004579127,None,1331.513931500027,1331.6120929667416,1331.917194299982,1331.906952499994,1331.9074137000134,1331.917194299982,1331.917194299982,1331.917194299982,1334.3479000000516,300,1,[2.4303230000659823],[2.4303371000569314],1,001,2025-11-13_16h28.09.951,untitled,,2025.1.1,59.89630754560734,2025-11-13 16h28.23.966103 +0530,
0.1,400,unexp,267,3,22,space,0.29412600002251565,None,250,1,[3.127911000046879],[3.1279279000591487],22,3,267,0,1334.3616256000241,,1334.348268300062,1334.3616256000241,1335.3620089000324,1335.3620089000324,1335.3620089000324,1335.662539400044,space,0.29412600002251565,None,1335.6634542000247,1335.7621894666847,1336.0702662999975,1336.0581898000091,1336.0587473000633,1336.0702662999975,1336.0702662999975,1336.0702662999975,1339.1986503000371,250,1,[3.127911000046879],[3.1279279000591487],1,001,2025-11-13_16h28.09.951,untitled,,2025.1.1,59.89630754560734,2025-11-13 16h28.23.966103 +0530,
0.7,400,unexp,268,4,22,space,0.2676394999725744,None,850,1,[2.659704099991359],[2.659717799979262],22,4,268,2,1339.2115838000318,,1339.1991043000016,1339.2115838000318,1340.2119869000744,1340.2119869000744,1340.2119869000744,1340.4804996000603,space,0.2676394999725744,None,1340.4819328000303,1341.1941525666664,1341.5039874999784,1341.4932508000638,1341.4944141000742,1341.5039874999784,1341.5039874999784,1341.5039874999784,1344.1643765000626,850,1,[2.659704099991359],[2.659717799979262],1,001,2025-11-13_16h28.09.951,untitled,,2025.1.1,59.89630754560734,2025-11-13 16h28.23.966103 +0530,
0.1,1000,exp,269,5,22,space,0.31870669999625534,None,300,1,[2.3571322000352666],[2.3571452000178397],22,5,269,3,1344.1784465999808,,1344.164666100056,1344.1784465999808,1345.1787528999848,1345.1787528999848,1345.1787528999848,1345.5120728000766,space,0.31870669999625534,None,1345.5129080000333,1345.6277867666834,1345.939372300054,1345.9283394999802,1345.9288725000806,1345.939372300054,1345.939372300054,1345.939372300054,1348.296936300001,300,1,[2.3571322000352666],[2.3571452000178397],1,001,2025-11-13_16h28.09.951,untitled,,2025.1.1,59.89630754560734,2025-11-13 16h28.23.966103 +0530,
0.4,1000,exp,270,6,22,space,0.300853900029324,None,800,1,[2.3781592999584973],[2.378172199940309],22,6,270,7,1348.311542600044,,1348.2972768000327,1348.311542600044,1349.3122192000737,1349.3122192000737,1349.3122192000737,1349.6144982000114,space,0.300853900029324,None,1349.6157615000848,1350.028619666646,1350.3370698000072,1350.3245784000028,1350.3251316000242,1350.3370698000072,1350.3370698000072,1350.3370698000072,1352.7156818000367,800,1,[2.3781592999584973],[2.378172199940309],1,001,2025-11-13_16h28.09.951,untitled,,2025.1.1,59.89630754560734,2025-11-13 16h28.23.966103 +0530,
0.4,1000,exp,271,7,22,space,0.8413786999881268,None,900,1,[2.2057190000778064],[2.2057329000672325],22,7,271,10,1352.7282179000322,,1352.716005000053,1352.7282179000322,1353.7283883000491,1353.7283883000491,1353.7283883000491,1354.5796521999873,space,0.8413786999881268,None,1354.58050000004,1354.9951685666495,1355.3062181000132,1355.2969203999965,1355.297372000059,1355.3062181000132,1355.3062181000132,1355.3062181000132,1357.512388400035,900,1,[2.2057190000778064],[2.2057329000672325],1,001,2025-11-13_16h28.09.951,untitled,,2025.1.1,59.89630754560734,2025-11-13 16h28.23.966103 +0530,
0.4,400,unexp,272,8,22,space,0.5285138000035658,None,700,1,[2.7468933999771252],[2.7469084999756888],22,8,272,1,1357.528530600015,,1357.512688799994,1357.528530600015,1358.5112465000711,1358.5112465000711,1358.528605600004,1359.0451174000045,space,0.5285138000035658,None,1359.0462166999932,1359.4452700666773,1359.7487431999762,1359.7386464000447,1359.739147300017,1359.7487431999762,1359.7487431999762,1359.7487431999762,1362.496109400061,700,1,[2.7468933999771252],[2.7469084999756888],1,001,2025-11-13_16h28.09.951,untitled,,2025.1.1,59.89630754560734,2025-11-13 16h28.23.966103 +0530,
0.7,1000,exp,273,9,22,space,0.4294476000359282,None,900,1,[1.9429864999838173],[1.943004100001417],22,9,273,8,1362.51194700005,,1362.4963872000808,1362.51194700005,1363.4957159999758,1363.4957159999758,1363.5121872000163,1363.9295069000218,space,0.4294476000359282,None,1363.9307105999906,1364.6289109667453,1364.93782630004,1364.9257099999813,1364.926332000061,1364.93782630004,1364.93782630004,1364.93782630004,1366.881266099983,900,1,[1.9429864999838173],[1.943004100001417],1,001,2025-11-13_16h28.09.951,untitled,,2025.1.1,59.89630754560734,2025-11-13 16h28.23.966103 +0530,
0.1,1000,exp,274,10,22,space,0.5436907999683172,None,200,1,[2.2207946999697015],[2.220809999969788],22,10,274,9,1366.895446300041,,1366.8816684000194,1366.895446300041,1367.8954424000112,1367.8954424000112,1367.8954424000112,1368.4458575000754,space,0.5436907999683172,None,1368.4467651000014,1368.5451314666464,1368.8582615000196,1368.8489524000324,1368.849444600055,1368.8582615000196,1368.8582615000196,1368.8582615000196,1371.0794999999925,200,1,[2.2207946999697015],[2.220809999969788],1,001,2025-11-13_16h28.09.951,untitled,,2025.1.1,59.89630754560734,2025-11-13 16h28.23.966103 +0530,
0.7,1000,exp,275,11,22,space,0.28735530003905296,None,300,1,[2.20607720001135],[2.2060922000091523],22,11,275,11,1371.0954496000195,,1371.0798503999831,1371.0954496000195,1372.0788488000399,1372.0788488000399,1372.095578800072,1372.3797196000814,space,0.28735530003905296,None,1372.3807345000096,1373.094765866703,1373.4092362000374,1373.3982392000034,1373.3988352000015,1373.4092362000374,1373.4092362000374,1373.4092362000374,1375.6157482999843,300,1,[2.20607720001135],[2.2060922000091523],1,001,2025-11-13_16h28.09.951,untitled,,2025.1.1,59.89630754560734,2025-11-13 16h28.23.966103 +0530,
0.1,1000,exp,276,0,23,space,0.727782899979502,None,200,1,[2.5764285000041127],[2.57644179998897],23,0,276,6,1375.6283276000759,,1375.616196100018,1375.6283276000759,1376.6288764000637,1376.6288764000637,1376.6288764000637,1377.3640726000303,space,0.727782899979502,None,1377.365460000001,1377.4781093666718,1377.7888168999925,1377.7783290999942,1377.779205400031,1377.7888168999925,1377.7888168999925,1377.7888168999925,1380.3656462000217,200,1,[2.5764285000041127],[2.57644179998897],1,001,2025-11-13_16h28.09.951,untitled,,2025.1.1,59.89630754560734,2025-11-13 16h28.23.966103 +0530,
0.4,1000,exp,277,1,23,space,0.33411400008480996,None,400,1,[3.1539040999487042],[3.1539166999282315],23,1,277,4,1380.3782853999874,,1380.366233900073,1380.3782853999874,1381.3783031000057,1381.3783031000057,1381.3783031000057,1381.729573699995,space,0.33411400008480996,None,1381.7314126000274,1382.1455094667074,1382.4585020000814,1382.4473334000213,1382.447927000001,1382.4585020000814,1382.4585020000814,1382.4585020000814,1385.6127864000155,400,1,[3.1539040999487042],[3.1539166999282315],1,001,2025-11-13_16h28.09.951,untitled,,2025.1.1,59.89630754560734,2025-11-13 16h28.23.966103 +0530,
0.7,400,unexp,278,2,23,space,0.41772519994992763,None,700,1,[2.1463419999927282],[2.1463599000126123],23,2,278,2,1385.6281765999738,,1385.61303030001,1385.6281765999738,1386.6288526999997,1386.6288526999997,1386.6288526999997,1387.0472777000396,space,0.41772519994992763,None,1387.0485859999899,1387.761581366711,1388.068072300055,1388.0569179999875,1388.0573732000776,1388.068072300055,1388.068072300055,1388.068072300055,1390.2149861999787,700,1,[2.1463419999927282],[2.1463599000126123],1,001,2025-11-13_16h28.09.951,untitled,,2025.1.1,59.89630754560734,2025-11-13 16h28.23.966103 +0530,
0.7,1000,exp,279,3,23,space,0.3596258999314159,None,800,1,[2.147807899978943],[2.1478198999539018],23,3,279,5,1390.2285750000738,,1390.215422200039,1390.2285750000738,1391.228440099978,1391.228440099978,1391.228440099978,1391.596154000028,space,0.3596258999314159,None,1391.5974212000147,1392.311991066734,1392.6171307000332,1392.6061301000882,1392.6068367999978,1392.6171307000332,1392.6171307000332,1392.6171307000332,1394.7652929000324,800,1,[2.147807899978943],[2.1478198999539018],1,001,2025-11-13_16h28.09.951,untitled,,2025.1.1,59.89630754560734,2025-11-13 16h28.23.966103 +0530,
0.1,1000,exp,280,4,23,space,0.3813038000371307,None,100,1,[2.8976509999483824],[2.8976635999279097],23,4,280,3,1394.778341999976,,1394.765581900021,1394.778341999976,1395.77893400006,1395.77893400006,1395.77893400006,1396.161853400059,space,0.3813038000371307,None,1396.163010600023,1396.262017766658,1396.5647394000553,1396.5551643000217,1396.555600300082,1396.5647394000553,1396.5647394000553,1396.5647394000553,1399.462808100041,100,1,[2.8976509999483824],[2.8976635999279097],1,001,2025-11-13_16h28.09.951,untitled,,2025.1.1,59.89630754560734,2025-11-13 16h28.23.966103 +0530,
0.4,400,unexp,281,5,23,space,0.38295910006854683,None,500,1,[2.2794458999997005],[2.2794592999853194],23,5,281,1,1399.478348899982,,1399.463100700057,1399.478348899982,1400.4783832000103,1400.4783832000103,1400.4783832000103,1400.8624455999816,space,0.38295910006854683,None,1400.8632874999894,1401.2619635667108,1401.567122300039,1401.5570983000798,1401.557639800012,1401.567122300039,1401.567122300039,1401.567122300039,1403.8470042999834,500,1,[2.2794458999997005],[2.2794592999853194],1,001,2025-11-13_16h28.09.951,untitled,,2025.1.1,59.89630754560734,2025-11-13 16h28.23.966103 +0530,
0.1,1000,exp,282,6,23,space,0.3193666000152007,None,600,1,[3.6549584000604227],[3.6549675000132993],23,6,282,9,1403.861544399988,,1403.847332400037,1403.861544399988,1404.8618621000787,1404.8618621000787,1404.8618621000787,1405.1971008999972,space,0.3193666000152007,None,1405.1984028000152,1405.3116939666836,1405.6239905999973,1405.6152244000696,1405.6157285000663,1405.6239905999973,1405.6239905999973,1405.6239905999973,1409.279268000042,600,1,[3.6549584000604227],[3.6549675000132993],1,001,2025-11-13_16h28.09.951,untitled,,2025.1.1,59.89630754560734,2025-11-13 16h28.23.966103 +0530,
0.7,1000,exp,283,7,23,space,0.37610770005267113,None,800,1,[2.3107462000334635],[2.310756799997762],23,7,283,11,1409.2955191000365,,1409.2795417000307,1409.2955191000365,1410.2952468000585,1410.2952468000585,1410.2952468000585,1410.6792548000813,space,0.37610770005267113,None,1410.6804370000027,1411.3789884667533,1411.6866446000058,1411.676402800018,1411.6772597000236,1411.6866446000058,1411.6866446000058,1411.6866446000058,1413.9978293000022,800,1,[2.3107462000334635],[2.310756799997762],1,001,2025-11-13_16h28.09.951,untitled,,2025.1.1,59.89630754560734,2025-11-13 16h28.23.966103 +0530,
0.4,1000,exp,284,8,23,space,0.4333584000123665,None,400,1,[2.470285200048238],[2.470297900028527],23,8,284,10,1414.0116816000082,,1413.9981282000663,1414.0116816000082,1415.0120306999888,1415.0120306999888,1415.0120306999888,1415.4466941000428,space,0.4333584000123665,None,1415.4482715000631,1415.8621716666423,1416.1753553000744,1416.1656259000301,1416.1662167999893,1416.1753553000744,1416.1753553000744,1416.1753553000744,1418.646230900078,400,1,[2.470285200048238],[2.470297900028527],1,001,2025-11-13_16h28.09.951,untitled,,2025.1.1,59.89630754560734,2025-11-13 16h28.23.966103 +0530,
0.1,400,unexp,285,9,23,space,1.0088650999823585,None,300,1,[2.1768870999803767],[2.176898300065659],23,9,285,0,1418.6615414000116,,1418.6464758000802,1418.6615414000116,1419.6618617000058,1419.6618617000058,1419.6618617000058,1420.6796500000637,space,1.0088650999823585,None,1420.680429900065,1420.7787806667077,1421.0862941000378,1421.0753185000503,1421.0757515000878,1421.0862941000378,1421.0862941000378,1421.0862941000378,1423.2640297000762,300,1,[2.1768870999803767],[2.176898300065659],1,001,2025-11-13_16h28.09.951,untitled,,2025.1.1,59.89630754560734,2025-11-13 16h28.23.966103 +0530,
0.4,1000,exp,286,10,23,space,0.7234662999399006,None,700,1,[3.4616665000794455],[3.4616777000483125],23,10,286,7,1423.277670099982,,1423.2643440000247,1423.277670099982,1424.278864699998,1424.278864699998,1424.278864699998,1425.0127878000494,space,0.7234662999399006,None,1425.0138852000237,1425.4120252667383,1425.71919600002,1425.7064328000415,1425.7068966000807,1425.71919600002,1425.71919600002,1425.71919600002,1429.1812745999778,700,1,[3.4616665000794455],[3.4616777000483125],1,001,2025-11-13_16h28.09.951,untitled,,2025.1.1,59.89630754560734,2025-11-13 16h28.23.966103 +0530,
0.7,1000,exp,287,11,23,space,0.5998002999695018,None,800,1,[2.0151501999935135],[2.0151626999722794],23,11,287,8,1429.195222600014,,1429.1816366000567,1429.195222600014,1430.1954231000273,1430.1954231000273,1430.1954231000273,1430.7957730999915,space,0.5998002999695018,None,1430.7966584999813,1431.5122734667423,1431.816398199997,1431.8076536000008,1431.8080512000015,1431.816398199997,1431.816398199997,1431.816398199997,1433.8319521000376,800,1,[2.0151501999935135],[2.0151626999722794],1,001,2025-11-13_16h28.09.951,untitled,,2025.1.1,59.89630754560734,2025-11-13 16h28.23.966103 +0530,
0.7,400,unexp,288,0,24,space,0.7110236999578774,None,700,1,[6.140225100098178],[6.140241999994032],24,0,288,2,1433.844930500025,,1433.8322951000882,1433.844930500025,1434.8454699000577,1434.8454699000577,1434.8454699000577,1435.5630961999996,space,0.7110236999578774,None,1435.5639528000029,1436.2787411667562,1436.589533100021,1436.577847299981,1436.5788005000213,1436.589533100021,1436.589533100021,1436.589533100021,1442.7302578000817,700,1,[6.140225100098178],[6.140241999994032],1,001,2025-11-13_16h28.09.951,untitled,,2025.1.1,59.89630754560734,2025-11-13 16h28.23.966103 +0530,
0.1,1000,exp,289,1,24,space,0.3352117999456823,None,400,1,[2.4883864000439644],[2.488401500042528],24,1,289,9,1442.7448574000737,,1442.7306444999995,1442.7448574000737,1443.7452809000388,1443.7452809000388,1443.7452809000388,1444.095793100074,space,0.3352117999456823,None,1444.0973745000083,1444.1951627666751,1444.5088648999808,1444.4988527999958,1444.4993742000079,1444.5088648999808,1444.5088648999808,1444.5088648999808,1446.9976924000075,400,1,[2.4883864000439644],[2.488401500042528],1,001,2025-11-13_16h28.09.951,untitled,,2025.1.1,59.89630754560734,2025-11-13 16h28.23.966103 +0530,
0.4,400,unexp,290,2,24,space,0.3738745000446215,None,600,1,[2.4114894999656826],[2.41150209994521],24,2,290,1,1447.0117424000055,,1446.998052900075,1447.0117424000055,1448.0124820000492,1448.0124820000492,1448.0124820000492,1448.396099000005,space,0.3738745000446215,None,1448.3976602000184,1448.8118367667232,1449.118483300088,1449.106485299999,1449.107093000086,1449.118483300088,1449.118483300088,1449.118483300088,1451.5303869000636,600,1,[2.4114894999656826],[2.41150209994521],1,001,2025-11-13_16h28.09.951,untitled,,2025.1.1,59.89630754560734,2025-11-13 16h28.23.966103 +0530,
0.7,1000,exp,291,3,24,space,0.6442023999989033,None,900,1,[2.539943899959326],[2.5399545000400394],24,3,291,5,1451.544944500085,,1451.5307223000564,1451.544944500085,1452.5458927000873,1452.5458927000873,1452.5458927000873,1453.195891899988,space,0.6442023999989033,None,1453.1970614000456,1453.895320166663,1454.2060476000188,1454.194187300047,1454.1947418000782,1454.2060476000188,1454.2060476000188,1454.2060476000188,1456.7473135000328,900,1,[2.539943899959326],[2.5399545000400394],1,001,2025-11-13_16h28.09.951,untitled,,2025.1.1,59.89630754560734,2025-11-13 16h28.23.966103 +0530,
0.1,1000,exp,292,4,24,space,0.3384146000025794,None,400,1,[2.408485700027086],[2.40849739999976],24,4,292,6,1456.761507300078,,1456.747659799992,1456.761507300078,1457.7618664000183,1457.7618664000183,1457.7618664000183,1458.1155465000775,space,0.3384146000025794,None,1458.1167169000255,1458.2280680667066,1458.5380198999774,1458.5253217000281,1458.5259278999874,1458.5380198999774,1458.5380198999774,1458.5380198999774,1460.9468986000866,400,1,[2.408485700027086],[2.40849739999976],1,001,2025-11-13_16h28.09.951,untitled,,2025.1.1,59.89630754560734,2025-11-13 16h28.23.966103 +0530,
0.1,1000,exp,293,5,24,space,0.3237120999256149,None,500,1,[4.138193399994634],[4.138206799980253],24,5,293,3,1460.9616668000817,,1460.9473648000276,1460.9616668000817,1461.9617811000207,1461.9617811000207,1461.9617811000207,1462.2962417000672,space,0.3237120999256149,None,1462.2973263000604,1462.4118799666796,1462.7239132000832,1462.7145129999844,1462.7151792000514,1462.7239132000832,1462.7239132000832,1462.7239132000832,1466.8625572000165,500,1,[4.138193399994634],[4.138206799980253],1,001,2025-11-13_16h28.09.951,untitled,,2025.1.1,59.89630754560734,2025-11-13 16h28.23.966103 +0530,
0.1,400,unexp,294,6,24,space,0.38643069996032864,None,400,1,[2.3743300000205636],[2.374343100003898],24,6,294,0,1466.8780524000758,,1466.862918100087,1466.8780524000758,1467.8620726000518,1467.8620726000518,1467.8785539000528,1468.2626984000672,space,0.38643069996032864,None,1468.2639538000803,1468.3779603667247,1468.6878482999746,1468.6772844999796,1468.6779865000863,1468.6878482999746,1468.6878482999746,1468.6878482999746,1471.0627199000446,400,1,[2.3743300000205636],[2.374343100003898],1,001,2025-11-13_16h28.09.951,untitled,,2025.1.1,59.89630754560734,2025-11-13 16h28.23.966103 +0530,
0.7,1000,exp,295,7,24,space,0.17268319998402148,None,850,1,[3.207598000066355],[3.2076076000230387],24,7,295,8,1471.0781068999786,,1471.0630429000594,1471.0781068999786,1472.0622192000737,1472.0622192000737,1472.0788703000871,1472.2462823999813,space,0.17268319998402148,None,1472.2476662000408,1472.9623511667053,1473.2712227000156,1473.2606059000827,1473.2612263000337,1473.2712227000156,1473.2712227000156,1473.2712227000156,1476.4791036000242,850,1,[3.207598000066355],[3.2076076000230387],1,001,2025-11-13_16h28.09.951,untitled,,2025.1.1,59.89630754560734,2025-11-13 16h28.23.966103 +0530,
0.4,1000,exp,296,8,24,space,0.2760426999302581,None,800,1,[3.843384000007063],[3.8433988000033423],24,8,296,7,1476.4955227000173,,1476.4793590999907,1476.4955227000173,1477.4783793999813,1477.4783793999813,1477.4952612000052,1477.7626538000768,space,0.2760426999302581,None,1477.76390790008,1478.1619276666936,1478.4702604999766,1478.4592424000148,1478.4597826000536,1478.4702604999766,1478.4702604999766,1478.4702604999766,1482.3141722000437,800,1,[3.843384000007063],[3.8433988000033423],1,001,2025-11-13_16h28.09.951,untitled,,2025.1.1,59.89630754560734,2025-11-13 16h28.23.966103 +0530,
0.4,1000,exp,297,9,24,space,0.4028710999991745,None,800,1,[2.8942770999856293],[2.894292699988],24,9,297,4,1482.3275814000517,,1482.3145426000701,1482.3275814000517,1483.328405200038,1483.328405200038,1483.328405200038,1483.7457941999892,space,0.4028710999991745,None,1483.7467665000586,1484.1615422666694,1484.470092499978,1484.4583988999948,1484.4590319000417,1484.470092499978,1484.470092499978,1484.470092499978,1487.3648407000583,800,1,[2.8942770999856293],[2.894292699988],1,001,2025-11-13_16h28.09.951,untitled,,2025.1.1,59.89630754560734,2025-11-13 16h28.23.966103 +0530,
0.4,1000,exp,298,10,24,space,0.24695760000031441,None,600,1,[2.7084673000499606],[2.7084800000302494],24,10,298,10,1487.37841200002,,1487.3652326000156,1487.37841200002,1488.3783749000868,1488.3783749000868,1488.3783749000868,1488.6287505000364,space,0.24695760000031441,None,1488.6301066000015,1489.0288160667444,1489.3371614000062,1489.3271594999824,1489.32773670007,1489.3371614000062,1489.3371614000062,1489.3371614000062,1492.0459913000232,600,1,[2.7084673000499606],[2.7084800000302494],1,001,2025-11-13_16h28.09.951,untitled,,2025.1.1,59.89630754560734,2025-11-13 16h28.23.966103 +0530,
0.7,1000,exp,299,11,24,space,0.32179429999087006,None,750,1,[2.4393573999404907],[2.4393787999870256],24,11,299,11,1492.0620639000554,,1492.0463315000525,1492.0620639000554,1493.0457325000316,1493.0457325000316,1493.062293300056,1493.3795468000462,space,0.32179429999087006,None,1493.3807989000343,1494.0949704667476,1494.4075867000502,1494.3978852999862,1494.3983699000673,1494.4075867000502,1494.4075867000502,1494.4075867000502,1496.8476388000418,750,1,[2.4393573999404907],[2.4393787999870256],1,001,2025-11-13_16h28.09.951,untitled,,2025.1.1,59.89630754560734,2025-11-13 16h28.23.966103 +0530,
0.4,1000,exp,300,0,25,space,0.3296054999809712,None,500,1,[2.176625599968247],[2.176636299933307],25,0,300,4,1496.8613877000753,,1496.848154700012,1496.8613877000753,1497.8622833000263,1497.8622833000263,1497.8622833000263,1498.195599000086,space,0.3296054999809712,None,1498.1968701999867,1498.6118571666923,1498.920252699987,1498.9086852000328,1498.9092929000035,1498.920252699987,1498.920252699987,1498.920252699987,1501.0973339000484,500,1,[2.176625599968247],[2.176636299933307],1,001,2025-11-13_16h28.09.951,untitled,,2025.1.1,59.89630754560734,2025-11-13 16h28.23.966103 +0530,
0.4,1000,exp,301,1,25,space,0.3477156999288127,None,500,1,[2.82683390006423],[2.8268506000749767],25,1,301,7,1501.111930300016,,1501.0976555000525,1501.111930300016,1502.1118917000713,1502.1118917000713,1502.1118917000713,1502.4630051000277,space,0.3477156999288127,None,1502.464761500014,1502.8781243666929,1503.1875614000019,1503.1753885999788,1503.175831999979,1503.1875614000019,1503.1875614000019,1503.1875614000019,1506.0148014000151,500,1,[2.82683390006423],[2.8268506000749767],1,001,2025-11-13_16h28.09.951,untitled,,2025.1.1,59.89630754560734,2025-11-13 16h28.23.966103 +0530,
0.7,1000,exp,302,2,25,space,0.365226500085555,None,300,1,[2.2580205999547616],[2.2580384999746457],25,2,302,8,1506.0284115000395,,1506.0151497999905,1506.0284115000395,1507.0288223000243,1507.0288223000243,1507.0288223000243,1507.3955623999937,space,0.365226500085555,None,1507.3963758000173,1508.0953609666942,1508.4058289000532,1508.396175300004,1508.396636200021,1508.4058289000532,1508.4058289000532,1508.4058289000532,1510.6644044000423,300,1,[2.2580205999547616],[2.2580384999746457],1,001,2025-11-13_16h28.09.951,untitled,,2025.1.1,59.89630754560734,2025-11-13 16h28.23.966103 +0530,
0.4,1000,exp,303,3,25,space,0.4081361999269575,None,400,1,[2.2773722000420094],[2.277383300010115],25,3,303,10,1510.6784244000446,,1510.664814400021,1510.6784244000446,1511.6786701000528,1511.6786701000528,1511.6786701000528,1512.0967081000563,space,0.4081361999269575,None,1512.0978098000633,1512.5120969666789,1512.8184402000625,1512.8089504999807,1512.80946150003,1512.8184402000625,1512.8184402000625,1512.8184402000625,1515.0961295000743,400,1,[2.2773722000420094],[2.277383300010115],1,001,2025-11-13_16h28.09.951,untitled,,2025.1.1,59.89630754560734,2025-11-13 16h28.23.966103 +0530,
0.7,400,unexp,304,4,25,space,0.36895120004191995,None,600,1,[2.3511364000150934],[2.351148399990052],25,4,304,2,1515.1118835000088,,1515.0963892000727,1515.1118835000088,1516.095616400009,1516.095616400009,1516.1142211999977,1516.4797818000661,space,0.36895120004191995,None,1516.4807855000254,1517.1952834666629,1517.5115208000643,1517.4987862000708,1517.4992652999936,1517.5115208000643,1517.5115208000643,1517.5115208000643,1519.863070600084,600,1,[2.3511364000150934],[2.351148399990052],1,001,2025-11-13_16h28.09.951,untitled,,2025.1.1,59.89630754560734,2025-11-13 16h28.23.966103 +0530,
0.4,400,unexp,305,5,25,space,0.34120369993615896,None,500,1,[2.408621900016442],[2.4086397000355646],25,5,305,1,1519.8778801000444,,1519.8637760999845,1519.8778801000444,1520.8789255000884,1520.8789255000884,1520.8789255000884,1521.2308430999983,space,0.34120369993615896,None,1521.232598099974,1521.644249166657,1521.9551840000786,1521.944861200056,1521.9455340000568,1521.9551840000786,1521.9551840000786,1521.9551840000786,1524.3642861000262,500,1,[2.408621900016442],[2.4086397000355646],1,001,2025-11-13_16h28.09.951,untitled,,2025.1.1,59.89630754560734,2025-11-13 16h28.23.966103 +0530,
0.7,1000,exp,306,6,25,space,0.30887309997342527,None,700,1,[2.3729524000082165],[2.3729642999824136],25,6,306,5,1524.3785218000412,,1524.3645783000393,1524.3785218000412,1525.3785829000408,1525.3785829000408,1525.3785829000408,1525.6963403000263,space,0.30887309997342527,None,1525.6977516000625,1526.4117469667146,1526.7236921000294,1526.7148634999758,1526.715328100021,1526.7236921000294,1526.7236921000294,1526.7236921000294,1529.0970944000874,700,1,[2.3729524000082165],[2.3729642999824136],1,001,2025-11-13_16h28.09.951,untitled,,2025.1.1,59.89630754560734,2025-11-13 16h28.23.966103 +0530,
0.1,1000,exp,307,7,25,space,0.2984877999406308,None,30,1,[2.6977522999513894],[2.6977705999743193],25,7,307,6,1529.1116054999875,,1529.0974836000241,1529.1116054999875,1530.1115772000048,1530.1115772000048,1530.1115772000048,1530.4120431999909,space,0.2984877999406308,None,1530.4127803000156,1530.5115684667292,1530.8159122000216,1530.8065359999891,1530.8069823000114,1530.8159122000216,1530.8159122000216,1530.8159122000216,1533.5142373000272,30,1,[2.6977522999513894],[2.6977705999743193],1,001,2025-11-13_16h28.09.951,untitled,,2025.1.1,59.89630754560734,2025-11-13 16h28.23.966103 +0530,
0.1,1000,exp,308,8,25,space,0.3377516999607906,None,100,1,[2.437520300038159],[2.437557899975218],25,8,308,9,1533.528471000027,,1533.514700000058,1533.528471000027,1534.5285001000157,1534.5285001000157,1534.5285001000157,1534.8796482000034,space,0.3377516999607906,None,1534.8803587000584,1534.9956156666778,1535.3080868000397,1535.2979219000554,1535.2983663000632,1535.3080868000397,1535.3080868000397,1535.3080868000397,1537.7461093000602,100,1,[2.437520300038159],[2.437557899975218],1,001,2025-11-13_16h28.09.951,untitled,,2025.1.1,59.89630754560734,2025-11-13 16h28.23.966103 +0530,
0.7,1000,exp,309,9,25,space,0.6301146000623703,None,600,1,[2.6262202999787405],[2.6262316000647843],25,9,309,11,1537.7616439000703,,1537.7464342000894,1537.7616439000703,1538.7613479000283,1538.7613479000283,1538.7613479000283,1539.396115600015,space,0.6301146000623703,None,1539.3972167000175,1540.1118118666966,1540.420381300035,1540.407020600047,1540.4075887000654,1540.420381300035,1540.420381300035,1540.420381300035,1543.0470039000502,600,1,[2.6262202999787405],[2.6262316000647843],1,001,2025-11-13_16h28.09.951,untitled,,2025.1.1,59.89630754560734,2025-11-13 16h28.23.966103 +0530,
0.1,400,unexp,310,10,25,space,0.451194699970074,None,250,1,[3.8412421999964863],[3.8412529999623075],25,10,310,0,1543.0616842000745,,1543.0472998999758,1543.0616842000745,1544.0618320000358,1544.0618320000358,1544.0618320000358,1544.5146904999856,space,0.451194699970074,None,1544.5159255000763,1544.6286110666736,1544.9391896000598,1544.9280304000713,1544.9287487000693,1544.9391896000598,1544.9391896000598,1544.9391896000598,1548.7808391000144,250,1,[3.8412421999964863],[3.8412529999623075],1,001,2025-11-13_16h28.09.951,untitled,,2025.1.1,59.89630754560734,2025-11-13 16h28.23.966103 +0530,
0.1,1000,exp,311,11,25,space,0.4018188000191003,None,300,1,[2.942716700024903],[2.9427296000067145],25,11,311,3,1548.7950583000202,,1548.781161300023,1548.7950583000202,1549.795610900037,1549.795610900037,1549.795610900037,1550.213608500082,space,0.4018188000191003,None,1550.2149671000661,1550.328508766663,1550.636374099995,1550.6256808000617,1550.6261213000398,1550.636374099995,1550.636374099995,1550.636374099995,1553.5794740000274,300,1,[2.942716700024903],[2.9427296000067145],1,001,2025-11-13_16h28.09.951,untitled,,2025.1.1,59.89630754560734,2025-11-13 16h28.23.966103 +0530,
0.7,400,unexp,312,0,26,space,0.5027803000994027,None,700,1,[2.178271000040695],[2.1782814000034705],26,0,312,2,1553.5946138000581,,1553.5797703000717,1553.5946138000581,1554.5786684000632,1554.5786684000632,1554.5946154000703,1555.0965445999755,space,0.5027803000994027,None,1555.0983631000854,1555.811844266664,1556.1174308999907,1556.1066076999996,1556.1071305000223,1556.1174308999907,1556.1174308999907,1556.1174308999907,1558.2960669000167,700,1,[2.178271000040695],[2.1782814000034705],1,001,2025-11-13_16h28.09.951,untitled,,2025.1.1,59.89630754560734,2025-11-13 16h28.23.966103 +0530,
0.7,1000,exp,313,1,26,space,0.3358800000278279,None,500,1,[2.538937499979511],[2.538951799971983],26,1,313,5,1558.3120336000575,,1558.2963635000633,1558.3120336000575,1559.3115144000622,1559.3115144000622,1559.3115144000622,1559.6630556000164,space,0.3358800000278279,None,1559.6650185000617,1560.3622064666745,1560.6745516000083,1560.6649345000042,1560.6655967000406,1560.6745516000083,1560.6745516000083,1560.6745516000083,1563.21392930008,500,1,[2.538937499979511],[2.538951799971983],1,001,2025-11-13_16h28.09.951,untitled,,2025.1.1,59.89630754560734,2025-11-13 16h28.23.966103 +0530,
0.7,1000,exp,314,2,26,space,0.74161779996939,None,800,1,[3.5065998999634758],[3.5066105999285355],26,2,314,11,1563.2281831,,1563.214250500081,1563.2281831,1564.2278191000223,1564.2278191000223,1564.2278191000223,1564.9787466999842,space,0.74161779996939,None,1564.979993200046,1565.6781255667486,1565.989153600065,1565.9782621000195,1565.978978900006,1565.989153600065,1565.989153600065,1565.989153600065,1569.496082699974,800,1,[3.5065998999634758],[3.5066105999285355],1,001,2025-11-13_16h28.09.951,untitled,,2025.1.1,59.89630754560734,2025-11-13 16h28.23.966103 +0530,
0.4,400,unexp,315,3,26,space,0.8172506000846624,None,300,1,[4.1851615000050515],[4.185190499993041],26,3,315,1,1569.5115937000373,,1569.4963167000096,1569.5115937000373,1570.4948200000217,1570.4948200000217,1570.5119127000216,1571.3131763000274,space,0.8172506000846624,None,1571.3150152000599,1571.7288641667149,1572.0454019000754,1572.028270300012,1572.0289507000707,1572.0454019000754,1572.0454019000754,1572.0454019000754,1576.2313592000864,300,1,[4.1851615000050515],[4.185190499993041],1,001,2025-11-13_16h28.09.951,untitled,,2025.1.1,59.89630754560734,2025-11-13 16h28.23.966103 +0530,
0.4,1000,exp,316,4,26,space,1.1688283999683335,None,400,1,[2.7102060000179335],[2.7102158999769017],26,4,316,4,1576.2450101000722,,1576.231849099975,1576.2450101000722,1577.2449436000315,1577.2449436000315,1577.2449436000315,1578.4298166000517,space,1.1688283999683335,None,1578.4309414000018,1578.8290154666795,1579.1356771000428,1579.1241931000259,1579.1248354000272,1579.1356771000428,1579.1356771000428,1579.1356771000428,1581.8461970000062,400,1,[2.7102060000179335],[2.7102158999769017],1,001,2025-11-13_16h28.09.951,untitled,,2025.1.1,59.89630754560734,2025-11-13 16h28.23.966103 +0530,
0.4,1000,exp,317,5,26,space,1.5680349000031129,None,500,1,[1.537237099953927],[1.5372520999517292],26,5,317,7,1581.8620021999814,,1581.8464419000084,1581.8620021999814,1582.860941800056,1582.860941800056,1582.860941800056,1584.4298669000855,space,1.5680349000031129,None,1584.4309973000782,1584.844827666708,1585.1584804999875,1585.1485977000557,1585.1504595000297,1585.1584804999875,1585.1584804999875,1585.1584804999875,1586.6961409000214,500,1,[1.537237099953927],[1.5372520999517292],1,001,2025-11-13_16h28.09.951,untitled,,2025.1.1,59.89630754560734,2025-11-13 16h28.23.966103 +0530,
0.1,1000,exp,318,6,26,space,0.30194640008267015,None,200,1,[2.455721100093797],[2.4557355000870302],26,6,318,9,1586.7116777000483,,1586.6964724999852,1586.7116777000483,1587.7119977000402,1587.7119977000402,1587.7119977000402,1588.0296406000853,space,0.30194640008267015,None,1588.0309579999885,1588.1453568667096,1588.4586656000465,1588.445417299983,1588.4460863000713,1588.4586656000465,1588.4586656000465,1588.4586656000465,1590.9148337000515,200,1,[2.455721100093797],[2.4557355000870302],1,001,2025-11-13_16h28.09.951,untitled,,2025.1.1,59.89630754560734,2025-11-13 16h28.23.966103 +0530,
0.1,1000,exp,319,7,26,space,0.9381684999680147,None,100,1,[2.9927197000943124],[2.992738700006157],26,7,319,3,1590.9286693000467,,1590.9151926999912,1590.9286693000467,1591.9286669000285,1591.9286669000285,1591.9286669000285,1592.879609100055,space,0.9381684999680147,None,1592.8808392999927,1592.9787843666893,1593.286422300036,1593.2764027999947,1593.2772705000825,1593.286422300036,1593.286422300036,1593.286422300036,1596.2795895000454,100,1,[2.9927197000943124],[2.992738700006157],1,001,2025-11-13_16h28.09.951,untitled,,2025.1.1,59.89630754560734,2025-11-13 16h28.23.966103 +0530,
0.1,1000,exp,320,8,26,space,0.3232974000275135,None,400,1,[3.4552593000698835],[3.455279599991627],26,8,320,6,1596.294959400082,,1596.2799360000063,1596.294959400082,1597.2948228000896,1597.2948228000896,1597.2948228000896,1597.6287970000412,space,0.3232974000275135,None,1597.6294742000755,1597.7450554667196,1598.0575424000854,1598.0465219999896,1598.0472399999853,1598.0575424000854,1598.0575424000854,1598.0575424000854,1601.5133573000785,400,1,[3.4552593000698835],[3.455279599991627],1,001,2025-11-13_16h28.09.951,untitled,,2025.1.1,59.89630754560734,2025-11-13 16h28.23.966103 +0530,
0.7,1000,exp,321,9,26,space,0.8181023000506684,None,400,1,[2.3067766999593005],[2.3067952999845147],26,9,321,8,1601.5282828999916,,1601.5136847000103,1601.5282828999916,1602.5286913000746,1602.5286913000746,1602.5286913000746,1603.363141000038,space,0.8181023000506684,None,1603.3644499999937,1604.0784953666773,1604.3907878000755,1604.3792873000493,1604.3799462000607,1604.3907878000755,1604.3907878000755,1604.3907878000755,1606.6980051000137,400,1,[2.3067766999593005],[2.3067952999845147],1,001,2025-11-13_16h28.09.951,untitled,,2025.1.1,59.89630754560734,2025-11-13 16h28.23.966103 +0530,
0.4,1000,exp,322,10,26,space,0.2473861000034958,None,300,1,[2.2926343000726774],[2.292646100046113],26,10,322,10,1606.711650900077,,1606.6983454000438,1606.711650900077,1607.7119507000316,1607.7119507000316,1607.7119507000316,1607.9624282000586,space,0.2473861000034958,None,1607.963340700022,1608.3618499667539,1608.6703146999935,1608.6587526000803,1608.6593214999884,1608.6703146999935,1608.6703146999935,1608.6703146999935,1610.9633880000329,300,1,[2.2926343000726774],[2.292646100046113],1,001,2025-11-13_16h28.09.951,untitled,,2025.1.1,59.89630754560734,2025-11-13 16h28.23.966103 +0530,
0.1,400,unexp,323,11,26,space,0.45092910004314035,None,500,1,[3.5557063999585807],[3.5557203999487683],26,11,323,0,1610.9781286000507,,1610.9637852000305,1610.9781286000507,1611.9776496000122,1611.9776496000122,1611.9776496000122,1612.4295744000701,space,0.45092910004314035,None,1612.4306667000055,1612.545316866661,1612.8561007999815,1612.8456659000367,1612.8464097999968,1612.8561007999815,1612.8561007999815,1612.8561007999815,1616.4122698000865,500,1,[3.5557063999585807],[3.5557203999487683],1,001,2025-11-13_16h28.09.951,untitled,,2025.1.1,59.89630754560734,2025-11-13 16h28.23.966103 +0530,
0.7,1000,exp,324,0,27,space,0.6040741000324488,None,400,1,[3.563475599978119],[3.563490999978967],27,0,324,8,1616.4285199000733,,1616.4126363000832,1616.4285199000733,1617.4287648000754,1617.4287648000754,1617.4287648000754,1618.0458031999879,space,0.6040741000324488,None,1618.0466486000223,1618.7612995666607,1619.0677782000275,1619.0560946000041,1619.0567154000746,1619.0677782000275,1619.0677782000275,1619.0677782000275,1622.6317813000642,400,1,[3.563475599978119],[3.563490999978967],1,001,2025-11-13_16h28.09.951,untitled,,2025.1.1,59.89630754560734,2025-11-13 16h28.23.966103 +0530,
0.1,1000,exp,325,1,27,space,0.3699260000139475,None,400,1,[2.9192000000039116],[2.919210899970494],27,1,325,3,1622.6452497000573,,1622.632120900089,1622.6452497000573,1623.6452099999879,1623.6452099999879,1623.6452099999879,1624.029591800063,space,0.3699260000139475,None,1624.0308253000258,1624.128875366707,1624.4455138000194,1624.4285827000858,1624.4292791000335,1624.4455138000194,1624.4455138000194,1624.4455138000194,1627.365204700036,400,1,[2.9192000000039116],[2.919210899970494],1,001,2025-11-13_16h28.09.951,untitled,,2025.1.1,59.89630754560734,2025-11-13 16h28.23.966103 +0530,
0.1,400,unexp,326,2,27,space,0.45150299998931587,None,500,1,[2.445252800011076],[2.4452660999959335],27,2,326,0,1627.3782937000506,,1627.3655601000646,1627.3782937000506,1628.3785552000627,1628.3785552000627,1628.3785552000627,1628.846584700048,space,0.45150299998931587,None,1628.8478472999996,1628.9624225666669,1629.2671087000053,1629.2556062000804,1629.2561119000893,1629.2671087000053,1629.2671087000053,1629.2671087000053,1631.7127025000518,500,1,[2.445252800011076],[2.4452660999959335],1,001,2025-11-13_16h28.09.951,untitled,,2025.1.1,59.89630754560734,2025-11-13 16h28.23.966103 +0530,
0.4,1000,exp,327,3,27,space,0.28332270006649196,None,500,1,[1.3506578999804333],[1.3506712999660522],27,3,327,4,1631.7281201999867,,1631.7129586000228,1631.7281201999867,1632.7286945000524,1632.7286945000524,1632.7286945000524,1633.0140097000403,space,0.28332270006649196,None,1633.0152428000001,1633.4286114667232,1633.74482979998,1633.7287803000072,1633.7296450000722,1633.74482979998,1633.74482979998,1633.74482979998,1635.096074000001,500,1,[1.3506578999804333],[1.3506712999660522],1,001,2025-11-13_16h28.09.951,untitled,,2025.1.1,59.89630754560734,2025-11-13 16h28.23.966103 +0530,
0.1,1000,exp,328,4,27,space,0.7010458000004292,None,300,1,[3.514282300020568],[3.5142967000138015],27,4,328,6,1635.11135250004,,1635.0963285000762,1635.11135250004,1636.0959564000368,1636.0959564000368,1636.111955499975,1636.7982917000772,space,0.7010458000004292,None,1636.799480100046,1636.9117605667018,1637.21737139998,1637.2059241000097,1637.2063927000854,1637.21737139998,1637.21737139998,1637.21737139998,1640.732062999974,300,1,[3.514282300020568],[3.5142967000138015],1,001,2025-11-13_16h28.09.951,untitled,,2025.1.1,59.89630754560734,2025-11-13 16h28.23.966103 +0530,
0.4,1000,exp,329,5,27,space,0.2833801000379026,None,600,1,[2.261459399946034],[2.261476599960588],27,5,329,10,1640.7452226000605,,1640.732415299979,1640.7452226000605,1641.7453304000665,1641.7453304000665,1641.7453304000665,1642.02976830001,space,0.2833801000379026,None,1642.0310598000651,1642.4288494666728,1642.7360077999765,1642.7272304000799,1642.7277437000303,1642.7360077999765,1642.7360077999765,1642.7360077999765,1644.9979913000716,600,1,[2.261459399946034],[2.261476599960588],1,001,2025-11-13_16h28.09.951,untitled,,2025.1.1,59.89630754560734,2025-11-13 16h28.23.966103 +0530,
0.1,1000,exp,330,6,27,space,0.26002159994095564,None,700,1,[3.424992399988696],[3.425004299962893],27,6,330,9,1645.011443000054,,1644.998356300057,1645.011443000054,1646.011920100078,1646.011920100078,1646.011920100078,1646.279689099989,space,0.26002159994095564,None,1646.2811472000321,1646.3950634666874,1646.7044457000447,1646.6953531000763,1646.695862099994,1646.7044457000447,1646.7044457000447,1646.7044457000447,1650.1298651000252,700,1,[3.424992399988696],[3.425004299962893],1,001,2025-11-13_16h28.09.951,untitled,,2025.1.1,59.89630754560734,2025-11-13 16h28.23.966103 +0530,
0.7,1000,exp,331,7,27,space,0.4400953999720514,None,800,1,[2.2423355999635532],[2.242349899956025],27,7,331,11,1650.1450444000075,,1650.1301814999897,1650.1450444000075,1651.145591699984,1651.145591699984,1651.145591699984,1651.5966574000195,space,0.4400953999720514,None,1651.5984109999845,1652.3122235666417,1652.6206014000345,1652.6083769000834,1652.6088741000276,1652.6206014000345,1652.6206014000345,1652.6206014000345,1654.863748600008,800,1,[2.2423355999635532],[2.242349899956025],1,001,2025-11-13_16h28.09.951,untitled,,2025.1.1,59.89630754560734,2025-11-13 16h28.23.966103 +0530,
0.7,1000,exp,332,8,27,space,1.3210489000193775,None,400,1,[3.389490900095552],[3.3895676000975072],27,8,332,5,1654.8780291000148,,1654.8641074000625,1654.8780291000148,1655.8787358000409,1655.8787358000409,1655.8787358000409,1657.2116607000353,space,1.3210489000193775,None,1657.212437900016,1657.9122152666716,1658.222444800078,1658.2106472000014,1658.2113645999925,1658.222444800078,1658.222444800078,1658.222444800078,1661.6125617000507,400,1,[3.389490900095552],[3.3895676000975072],1,001,2025-11-13_16h28.09.951,untitled,,2025.1.1,59.89630754560734,2025-11-13 16h28.23.966103 +0530,
0.4,1000,exp,333,9,27,space,0.5164145000744611,None,300,1,[4.207075900048949],[4.207085400004871],27,9,333,7,1661.628654500004,,1661.6129154000664,1661.628654500004,1662.6116861000191,1662.6116861000191,1662.6283888000762,1663.1291240000864,space,0.5164145000744611,None,1663.13037550007,1663.5288203666607,1663.838326600031,1663.8277075000806,1663.8283346000826,1663.838326600031,1663.838326600031,1663.838326600031,1668.045737800072,300,1,[4.207075900048949],[4.207085400004871],1,001,2025-11-13_16h28.09.951,untitled,,2025.1.1,59.89630754560734,2025-11-13 16h28.23.966103 +0530,
0.7,400,unexp,334,10,27,space,1.3225907000014558,None,800,1,[1.7719605000456795],[1.7719683999894187],27,10,334,2,1668.061834400054,,1668.0460324999876,1668.061834400054,1669.0445820000023,1669.0445820000023,1669.0614790000254,1670.3793354000663,space,1.3225907000014558,None,1670.3804705999792,1671.0957201667518,1671.4069710000185,1671.3981971000321,1671.3986890000524,1671.4069710000185,1671.4069710000185,1671.4069710000185,1673.1792193000438,800,1,[1.7719605000456795],[1.7719683999894187],1,001,2025-11-13_16h28.09.951,untitled,,2025.1.1,59.89630754560734,2025-11-13 16h28.23.966103 +0530,
0.4,400,unexp,335,11,27,space,0.4496648999629542,None,600,1,[2.981355300056748],[2.981366500025615],27,11,335,1,1673.1945403000573,,1673.1794899000088,1673.1945403000573,1674.1785290000262,1674.1785290000262,1674.1955928000389,1674.6288745000493,space,0.4496648999629542,None,1674.6297508000862,1675.0283869667367,1675.3371840000618,1675.3250748000573,1675.3256653000135,1675.3371840000618,1675.3371840000618,1675.3371840000618,1678.3189694000175,600,1,[2.981355300056748],[2.981366500025615],1,001,2025-11-13_16h28.09.951,untitled,,2025.1.1,59.89630754560734,2025-11-13 16h28.23.966103 +0530,
0.4,1000,exp,336,0,28,space,0.2873921999707818,None,400,1,[6.307952200062573],[6.307980700046755],28,0,336,10,1678.3324976000004,,1678.319263900048,1678.3324976000004,1679.328677900019,1679.328677900019,1679.3455016000662,1679.6291806000518,space,0.2873921999707818,None,1679.630474400008,1680.028487066684,1680.3407574000303,1680.3289977000095,1680.3298880000366,1680.3407574000303,1680.3407574000303,1680.3407574000303,1686.6494828000432,400,1,[6.307952200062573],[6.307980700046755],1,001,2025-11-13_16h28.09.951,untitled,,2025.1.1,59.89630754560734,2025-11-13 16h28.23.966103 +0530,
0.4,1000,exp,337,1,28,space,0.39448149991221726,None,400,1,[4.94368869997561],[4.943701299955137],28,1,337,7,1686.6618145999964,,1686.649987300043,1686.6618145999964,1687.662052800064,1687.662052800064,1687.662052800064,1688.0627367000561,space,0.39448149991221726,None,1688.06401620002,1688.4782069667165,1688.7852945000632,1688.7742553000571,1688.7747417000355,1688.7852945000632,1688.7852945000632,1688.7852945000632,1693.7293542000698,400,1,[4.94368869997561],[4.943701299955137],1,001,2025-11-13_16h28.09.951,untitled,,2025.1.1,59.89630754560734,2025-11-13 16h28.23.966103 +0530,
0.7,1000,exp,338,2,28,space,0.2831638999050483,None,300,1,[2.1694318000227213],[2.169442899990827],28,2,338,8,1693.745552700013,,1693.7296262000455,1693.745552700013,1694.7286742000142,1694.7286742000142,1694.7451288000448,1695.0129544000374,space,0.2831638999050483,None,1695.0142520000227,1695.7132371666996,1696.0281629000092,1696.0176923000254,1696.0182199000847,1696.0281629000092,1696.0281629000092,1696.0281629000092,1698.1980045000091,300,1,[2.1694318000227213],[2.169442899990827],1,001,2025-11-13_16h28.09.951,untitled,,2025.1.1,59.89630754560734,2025-11-13 16h28.23.966103 +0530,
0.4,400,unexp,339,3,28,space,0.5565417999168858,None,400,1,[2.1249263999052346],[2.124937599990517],28,3,339,1,1698.211808699998,,1698.1982825000305,1698.211808699998,1699.2122400000226,1699.2122400000226,1699.2122400000226,1699.7792578000808,space,0.5565417999168858,None,1699.7800512000686,1700.178632566651,1700.4873363000806,1700.4757868000306,1700.4768307000631,1700.4873363000806,1700.4873363000806,1700.4873363000806,1702.612592300051,400,1,[2.1249263999052346],[2.124937599990517],1,001,2025-11-13_16h28.09.951,untitled,,2025.1.1,59.89630754560734,2025-11-13 16h28.23.966103 +0530,
0.7,1000,exp,340,4,28,space,0.5939748999662697,None,600,1,[2.2683468000032008],[2.2683574999682605],28,4,340,5,1702.6286548000062,,1702.6128729999764,1702.6286548000062,1703.6181217000121,1703.6181217000121,1703.633639000007,1704.2172824000008,space,0.5939748999662697,None,1704.218285100069,1704.916348366711,1705.2280941000208,1705.216491600033,1705.2172368000029,1705.2280941000208,1705.2280941000208,1705.2280941000208,1707.4968719000462,600,1,[2.2683468000032008],[2.2683574999682605],1,001,2025-11-13_16h28.09.951,untitled,,2025.1.1,59.89630754560734,2025-11-13 16h28.23.966103 +0530,
0.1,400,unexp,341,5,28,space,0.7447147000348195,None,350,1,[2.9582180000143126],[2.9582323000067845],28,5,341,0,1707.5116852000356,,1707.497162100044,1707.5116852000356,1708.5117381999735,1708.5117381999735,1708.5117381999735,1709.2630654000677,space,0.7447147000348195,None,1709.2640937999822,1709.378572866732,1709.6873753999826,1709.6771304000868,1709.6781210000627,1709.6873753999826,1709.6873753999826,1709.6873753999826,1712.6460200999863,350,1,[2.9582180000143126],[2.9582323000067845],1,001,2025-11-13_16h28.09.951,untitled,,2025.1.1,59.89630754560734,2025-11-13 16h28.23.966103 +0530,
0.7,1000,exp,342,6,28,space,0.413903700071387,None,800,1,[1.6259130000835285],[1.6259248000569642],28,6,342,11,1712.6620399000822,,1712.6462871000404,1712.6620399000822,1713.6452808000613,1713.6452808000613,1713.661883700057,1714.0627742999932,space,0.413903700071387,None,1714.0640955000417,1714.7619534667504,1715.0709592000348,1715.0598814000841,1715.0608547000447,1715.0709592000348,1715.0709592000348,1715.0709592000348,1716.697276400053,800,1,[1.6259130000835285],[1.6259248000569642],1,001,2025-11-13_16h28.09.951,untitled,,2025.1.1,59.89630754560734,2025-11-13 16h28.23.966103 +0530,
0.1,1000,exp,343,7,28,space,0.2850912999128923,None,150,1,[3.7550191999180242],[3.7550348999211565],28,7,343,6,1716.7117024000036,,1716.6975317000179,1716.7117024000036,1717.7110468000174,1717.7110468000174,1717.7110468000174,1718.0124739999883,space,0.2850912999128923,None,1718.0141003000317,1718.1120942667515,1718.4260446000844,1718.4160959,1718.4165720000165,1718.4260446000844,1718.4260446000844,1718.4260446000844,1722.181472400087,150,1,[3.7550191999180242],[3.7550348999211565],1,001,2025-11-13_16h28.09.951,untitled,,2025.1.1,59.89630754560734,2025-11-13 16h28.23.966103 +0530,
0.7,400,unexp,344,8,28,space,0.3022335999412462,None,900,1,[1.6432163999415934],[1.6432293999241665],28,8,344,2,1722.1950363999931,,1722.1818293000106,1722.1950363999931,1723.195179500035,1723.195179500035,1723.195179500035,1723.5135674000485,space,0.3022335999412462,None,1723.514416399994,1724.2288100666522,1724.5371159000788,1724.5260962999891,1724.5266502000159,1724.5371159000788,1724.5371159000788,1724.5371159000788,1726.1806926000863,900,1,[1.6432163999415934],[1.6432293999241665],1,001,2025-11-13_16h28.09.951,untitled,,2025.1.1,59.89630754560734,2025-11-13 16h28.23.966103 +0530,
0.1,1000,exp,345,9,28,space,0.37493930000346154,None,150,1,[3.292812900035642],[3.292827000026591],28,9,345,9,1726.1952032999834,,1726.1809809000697,1726.1952032999834,1727.1954404000426,1727.1954404000426,1727.1954404000426,1727.579239099985,space,0.37493930000346154,None,1727.5802353000036,1727.6787664667393,1727.9878621000098,1727.9761561000487,1727.9768499999773,1727.9878621000098,1727.9878621000098,1727.9878621000098,1731.2810637999792,150,1,[3.292812900035642],[3.292827000026591],1,001,2025-11-13_16h28.09.951,untitled,,2025.1.1,59.89630754560734,2025-11-13 16h28.23.966103 +0530,
0.4,1000,exp,346,10,28,space,1.4083262999774888,None,500,1,[2.5592313000233844],[2.5592418999876827],28,10,346,4,1731.2950280000223,,1731.2813703999855,1731.2950280000223,1732.2952501000836,1732.2952501000836,1732.2952501000836,1733.713092799997,space,1.4083262999774888,None,1733.716247400036,1734.1283508666713,1734.4375112000853,1734.42518390005,1734.4257921000244,1734.4375112000853,1734.4375112000853,1734.4375112000853,1736.9971619000426,500,1,[2.5592313000233844],[2.5592418999876827],1,001,2025-11-13_16h28.09.951,untitled,,2025.1.1,59.89630754560734,2025-11-13 16h28.23.966103 +0530,
0.1,1000,exp,347,11,28,space,0.38452130008954555,None,150,1,[4.394556000013836],[4.394578700070269],28,11,347,3,1737.0117078999756,,1736.997466300032,1737.0117078999756,1738.0119464000454,1738.0119464000454,1738.0119464000454,1738.3973955999827,space,0.38452130008954555,None,1738.398375699995,1738.5119387667548,1738.8191706000362,1738.807087299996,1738.8079145000083,1738.8191706000362,1738.8191706000362,1738.8191706000362,1743.2142662000842,150,1,[4.394556000013836],[4.394578700070269],1,001,2025-11-13_16h28.09.951,untitled,,2025.1.1,59.89630754560734,2025-11-13 16h28.23.966103 +0530,
0.7,400,unexp,348,0,29,space,0.12183899991214275,None,600,1,[2.2102040000027046],[2.210218599997461],29,0,348,2,1743.228290500003,,1743.214590699994,1743.228290500003,1744.2283998000203,1744.2283998000203,1744.2283998000203,1744.3629618000705,space,0.12183899991214275,None,1744.3642025000881,1745.0780676666802,1745.3868100000545,1745.3755599000724,1745.3759696000488,1745.3868100000545,1745.3868100000545,1745.3868100000545,1747.5975235999795,600,1,[2.2102040000027046],[2.210218599997461],1,001,2025-11-13_16h28.09.951,untitled,,2025.1.1,59.89630754560734,2025-11-13 16h28.23.966103 +0530,
0.1,400,unexp,349,1,29,space,0.4887958000181243,None,100,1,[2.455874599982053],[2.4558869999600574],29,1,349,0,1747.6115642000223,,1747.597942500026,1747.6115642000223,1748.6117247000802,1748.6117247000802,1748.6117247000802,1749.114633099991,space,0.4887958000181243,None,1749.1155825000023,1749.229140966727,1749.5400233999826,1749.5258753000526,1749.5275767000858,1749.5400233999826,1749.5400233999826,1749.5400233999826,1751.996252299985,100,1,[2.455874599982053],[2.4558869999600574],1,001,2025-11-13_16h28.09.951,untitled,,2025.1.1,59.89630754560734,2025-11-13 16h28.23.966103 +0530,
0.1,1000,exp,350,2,29,space,0.284860200015828,None,200,1,[2.344628300052136],[2.344639200018719],29,2,350,3,1752.0117598000215,,1751.9965255000861,1752.0117598000215,1753.0116666000104,1753.0116666000104,1753.0116666000104,1753.3132478999905,space,0.284860200015828,None,1753.3142833000747,1753.4123943667548,1753.7193636000156,1753.7096063999925,1753.7105775000528,1753.7193636000156,1753.7193636000156,1753.7193636000156,1756.064350700006,200,1,[2.344628300052136],[2.344639200018719],1,001,2025-11-13_16h28.09.951,untitled,,2025.1.1,59.89630754560734,2025-11-13 16h28.23.966103 +0530,
0.7,1000,exp,351,3,29,space,0.2833699000766501,None,650,1,[2.27640559989959],[2.2764197998913005],29,3,351,5,1756.0785014000721,,1756.0646008000476,1756.0785014000721,1757.0787562000332,1757.0787562000332,1757.0787562000332,1757.3635311999824,space,0.2833699000766501,None,1757.3647997999797,1758.0785079666568,1758.3874329000246,1758.3771121000173,1758.3776445999974,1758.3874329000246,1758.3874329000246,1758.3874329000246,1760.6643966999836,650,1,[2.27640559989959],[2.2764197998913005],1,001,2025-11-13_16h28.09.951,untitled,,2025.1.1,59.89630754560734,2025-11-13 16h28.23.966103 +0530,
0.4,1000,exp,352,4,29,space,0.3078801999799907,None,450,1,[3.0920522999949753],[3.09206679998897],29,4,352,10,1760.678368300083,,1760.664722000016,1760.678368300083,1761.6786895000841,1761.6786895000841,1761.6786895000841,1761.9970140000805,space,0.3078801999799907,None,1762.0000972000416,1762.4121300667214,1762.7202856000513,1762.70755000005,1762.7079946000595,1762.7202856000513,1762.7202856000513,1762.7202856000513,1765.8128464000765,450,1,[3.0920522999949753],[3.09206679998897],1,001,2025-11-13_16h28.09.951,untitled,,2025.1.1,59.89630754560734,2025-11-13 16h28.23.966103 +0530,
0.7,1000,exp,353,5,29,space,0.25517690007109195,None,850,1,[2.320039900019765],[2.320053100003861],29,5,353,8,1765.8281755000353,,1765.8133049000753,1765.8281755000353,1766.8283732000273,1766.8283732000273,1766.8283732000273,1767.0971233000746,space,0.25517690007109195,None,1767.0993054000428,1767.8118829667258,1768.125674400013,1768.109685500036,1768.1116714000236,1768.125674400013,1768.125674400013,1768.125674400013,1770.4461213999894,850,1,[2.320039900019765],[2.320053100003861],1,001,2025-11-13_16h28.09.951,untitled,,2025.1.1,59.89630754560734,2025-11-13 16h28.23.966103 +0530,
0.4,400,unexp,354,6,29,space,0.3036629999987781,None,350,1,[2.4714281000196934],[2.4714395999908447],29,6,354,1,1770.4616375999758,,1770.446507900022,1770.4616375999758,1771.4616223999765,1771.4616223999765,1771.4616223999765,1771.766627700068,space,0.3036629999987781,None,1771.768357800087,1772.1777345666817,1772.490969000035,1772.4758771000197,1772.4770957999863,1772.490969000035,1772.490969000035,1772.490969000035,1774.9628087000456,350,1,[2.4714281000196934],[2.4714395999908447],1,001,2025-11-13_16h28.09.951,untitled,,2025.1.1,59.89630754560734,2025-11-13 16h28.23.966103 +0530,
0.1,1000,exp,355,7,29,space,0.30866139999125153,None,150,1,[3.9583540000021458],[3.958371000015177],29,7,355,9,1774.9782099000877,,1774.9631203999743,1774.9782099000877,1775.9783793999813,1775.9783793999813,1775.9783793999813,1776.2954875000287,space,0.30866139999125153,None,1776.2961769000394,1776.3948141666517,1776.7057225999888,1776.696440000087,1776.6969206000213,1776.7057225999888,1776.7057225999888,1776.7057225999888,1780.6645160000771,150,1,[3.9583540000021458],[3.958371000015177],1,001,2025-11-13_16h28.09.951,untitled,,2025.1.1,59.89630754560734,2025-11-13 16h28.23.966103 +0530,
0.1,1000,exp,356,8,29,space,0.7444710999261588,None,100,1,[2.641860599978827],[2.6418714000610635],29,8,356,6,1780.6783018000424,,1780.6648382000858,1780.6783018000424,1781.6788900999818,1781.6788900999818,1781.6788900999818,1782.4287932000589,space,0.7444710999261588,None,1782.4297401000513,1782.5288093666934,1782.837198800058,1782.8256836000364,1782.8262753000017,1782.837198800058,1782.837198800058,1782.837198800058,1785.4793548000744,100,1,[2.641860599978827],[2.6418714000610635],1,001,2025-11-13_16h28.09.951,untitled,,2025.1.1,59.89630754560734,2025-11-13 16h28.23.966103 +0530,
0.4,1000,exp,357,9,29,space,0.3212313000112772,None,450,1,[2.8597458999138325],[2.8597563999937847],29,9,357,7,1785.4952434999868,,1785.4795897000004,1785.4952434999868,1786.4778447999852,1786.4778447999852,1786.495042100083,1786.813663000008,space,0.3212313000112772,None,1786.8149953000247,1787.2287408667073,1787.5366258000722,1787.5247483000858,1787.5251737000654,1787.5366258000722,1787.5366258000722,1787.5366258000722,1790.396798000089,450,1,[2.8597458999138325],[2.8597563999937847],1,001,2025-11-13_16h28.09.951,untitled,,2025.1.1,59.89630754560734,2025-11-13 16h28.23.966103 +0530,
0.4,1000,exp,358,10,29,space,0.2559164999984205,None,400,1,[2.8764732000418007],[2.876731100026518],29,10,358,4,1790.4116240000585,,1790.397098000045,1790.4116240000585,1791.4116041000234,1791.4116041000234,1791.4116041000234,1791.6791867000284,space,0.2559164999984205,None,1791.6807834000792,1792.078727266697,1792.3864999000216,1792.3755709000397,1792.3760121000232,1792.3864999000216,1792.3864999000216,1792.3864999000216,1795.26379300002,400,1,[2.8764732000418007],[2.876731100026518],1,001,2025-11-13_16h28.09.951,untitled,,2025.1.1,59.89630754560734,2025-11-13 16h28.23.966103 +0530,
0.7,1000,exp,359,11,29,space,0.36974460002966225,None,600,1,[2.3677000999450684],[2.367711899918504],29,11,359,11,1795.2781943000155,,1795.264089900069,1795.2781943000155,1796.2782823999878,1796.2782823999878,1796.2782823999878,1796.6628874000162,space,0.36974460002966225,None,1796.664714600076,1797.3788037667439,1797.6949957000325,1797.678818400018,1797.6794468000298,1797.6949957000325,1797.6949957000325,1797.6949957000325,1800.0634465999901,600,1,[2.3677000999450684],[2.367711899918504],1,001,2025-11-13_16h28.09.951,untitled,,2025.1.1,59.89630754560734,2025-11-13 16h28.23.966103 +0530,
0.7,400,unexp,360,0,30,space,0.2746857999591157,None,800,1,[2.4636551999719813],[2.463671899982728],30,0,360,2,1800.0780971000204,,1800.0637587000383,1800.0780971000204,1801.0781481000595,1801.0781481000595,1801.0781481000595,1801.3636904000305,space,0.2746857999591157,None,1801.3650123000843,1802.0631271666537,1802.3840144000715,1802.3699304000475,1802.370329300058,1802.3840144000715,1802.3840144000715,1802.3840144000715,1804.8480752999894,800,1,[2.4636551999719813],[2.463671899982728],1,001,2025-11-13_16h28.09.951,untitled,,2025.1.1,59.89630754560734,2025-11-13 16h28.23.966103 +0530,
0.1,1000,exp,361,1,30,space,0.28840990003664047,None,200,1,[4.474530300009064],[4.474543600110337],30,1,361,9,1804.8617652000394,,1804.8484350000508,1804.8617652000394,1805.8620713000419,1805.8620713000419,1805.8620713000419,1806.1631249000784,space,0.28840990003664047,None,1806.1644499000395,1806.2779507666748,1806.5887977000093,1806.5783743000356,1806.578981700004,1806.5887977000093,1806.5887977000093,1806.5887977000093,1811.0638558000792,200,1,[4.474530300009064],[4.474543600110337],1,001,2025-11-13_16h28.09.951,untitled,,2025.1.1,59.89630754560734,2025-11-13 16h28.23.966103 +0530,
0.4,400,unexp,362,2,30,space,0.34326570003759116,None,500,1,[2.574861599947326],[2.574878599960357],30,2,362,1,1811.0784893999808,,1811.0641784999752,1811.0784893999808,1812.0786520000547,1812.0786520000547,1812.0786520000547,1812.4290848000674,space,0.34326570003759116,None,1812.430413300055,1812.828442166738,1813.1395805000793,1813.1271722000092,1813.127904699999,1813.1395805000793,1813.1395805000793,1813.1395805000793,1815.714968000073,500,1,[2.574861599947326],[2.574878599960357],1,001,2025-11-13_16h28.09.951,untitled,,2025.1.1,59.89630754560734,2025-11-13 16h28.23.966103 +0530,
0.7,1000,exp,363,3,30,space,0.27083549997769296,None,800,1,[2.076667199959047],[2.0766830999637023],30,3,363,11,1815.7284649000503,,1815.7153799000662,1815.7284649000503,1816.7284537000814,1816.7284537000814,1816.7284537000814,1817.0130049000727,space,0.27083549997769296,None,1817.0145398000022,1817.7287041666607,1818.0375149999745,1818.0270795000251,1818.027839699993,1818.0375149999745,1818.0375149999745,1818.0375149999745,1820.1147228999762,800,1,[2.076667199959047],[2.0766830999637023],1,001,2025-11-13_16h28.09.951,untitled,,2025.1.1,59.89630754560734,2025-11-13 16h28.23.966103 +0530,
0.4,1000,exp,364,4,30,space,0.26665710005909204,None,500,1,[2.523864099988714],[2.5238828998990357],30,4,364,7,1820.1285221000435,,1820.115118500078,1820.1285221000435,1821.1283440000843,1821.1283440000843,1821.1283440000843,1821.3958230999997,space,0.26665710005909204,None,1821.3968610999873,1821.7952335667253,1822.105106299976,1822.095256700064,1822.0958428999875,1822.105106299976,1822.105106299976,1822.105106299976,1824.629469400039,500,1,[2.523864099988714],[2.5238828998990357],1,001,2025-11-13_16h28.09.951,untitled,,2025.1.1,59.89630754560734,2025-11-13 16h28.23.966103 +0530,
0.4,1000,exp,365,5,30,space,0.3591393999522552,None,500,1,[2.396190300001763],[2.3962091000285],30,5,365,10,1824.6445068999892,,1824.6299130000407,1824.6445068999892,1825.6454013000475,1825.6454013000475,1825.6454013000475,1826.0127401000354,space,0.3591393999522552,None,1826.0140332999872,1826.4119914667137,1826.7178099000594,1826.7064770000288,1826.707072500023,1826.7178099000594,1826.7178099000594,1826.7178099000594,1829.1145989000797,500,1,[2.396190300001763],[2.3962091000285],1,001,2025-11-13_16h28.09.951,untitled,,2025.1.1,59.89630754560734,2025-11-13 16h28.23.966103 +0530,
0.1,400,unexp,366,6,30,space,0.2903851999435574,None,100,1,[2.3735304001020268],[2.373544500092976],30,6,366,0,1829.128425300005,,1829.1150678000413,1829.128425300005,1830.1283301999792,1830.1283301999792,1830.1283301999792,1830.4293434000574,space,0.2903851999435574,None,1830.430958700017,1830.5285461666683,1830.838962299982,1830.8272888000356,1830.8279381999746,1830.838962299982,1830.838962299982,1830.838962299982,1833.2130675000371,100,1,[2.3735304001020268],[2.373544500092976],1,001,2025-11-13_16h28.09.951,untitled,,2025.1.1,59.89630754560734,2025-11-13 16h28.23.966103 +0530,
0.7,1000,exp,367,7,30,space,0.07300730003044009,None,900,1,[2.093691000016406],[2.0937043000012636],30,7,367,8,1833.2278212000383,,1833.2138359000674,1833.2278212000383,1834.2284601000138,1834.2284601000138,1834.2284601000138,1834.313450400019,space,0.07300730003044009,None,1834.3145433000755,1835.0286000667295,1835.3372926000739,1835.3272446000483,1835.3276918000774,1835.3372926000739,1835.3372926000739,1835.3372926000739,1837.4313567000208,900,1,[2.093691000016406],[2.0937043000012636],1,001,2025-11-13_16h28.09.951,untitled,,2025.1.1,59.89630754560734,2025-11-13 16h28.23.966103 +0530,
0.7,1000,exp,368,8,30,space,0.4070799999171868,None,400,1,[2.2248873999342322],[2.224900999921374],30,8,368,5,1837.445228400058,,1837.4316798000364,1837.445228400058,1838.4450863000238,1838.4450863000238,1838.4450863000238,1838.86350950005,space,0.4070799999171868,None,1838.8648827000288,1839.5782195666727,1839.8875638999743,1839.8768455000827,1839.8776410000864,1839.8875638999743,1839.8875638999743,1839.8875638999743,1842.1129146000603,400,1,[2.2248873999342322],[2.224900999921374],1,001,2025-11-13_16h28.09.951,untitled,,2025.1.1,59.89630754560734,2025-11-13 16h28.23.966103 +0530,
0.1,1000,exp,369,9,30,space,0.526743899914436,None,200,1,[2.9742002999410033],[2.9742148000514135],30,9,369,3,1842.1286584000336,,1842.1133377000224,1842.1286584000336,1843.1287533000577,1843.1287533000577,1843.1287533000577,1843.6628743000329,space,0.526743899914436,None,1843.6642868000781,1843.762727766709,1844.0727367000654,1844.0572638000594,1844.058025800041,1844.0727367000654,1844.0727367000654,1844.0727367000654,1847.0473628999898,200,1,[2.9742002999410033],[2.9742148000514135],1,001,2025-11-13_16h28.09.951,untitled,,2025.1.1,59.89630754560734,2025-11-13 16h28.23.966103 +0530,
0.4,1000,exp,370,10,30,space,1.4426238999003544,None,300,1,[2.591402499936521],[2.591417699935846],30,10,370,4,1847.0616244000848,,1847.0476785000646,1847.0616244000848,1848.0616759000113,1848.0616759000113,1848.0616759000113,1849.5125896000536,space,1.4426238999003544,None,1849.5138526000082,1849.9118580667457,1850.2214211000828,1850.2084403000772,1850.2090805000626,1850.2214211000828,1850.2214211000828,1850.2214211000828,1852.8137951000826,300,1,[2.591402499936521],[2.591417699935846],1,001,2025-11-13_16h28.09.951,untitled,,2025.1.1,59.89630754560734,2025-11-13 16h28.23.966103 +0530,
0.1,1000,exp,371,11,30,space,0.960606100037694,None,100,1,[2.1719627999700606],[2.1719774999655783],30,11,371,6,1852.8280068000313,,1852.814158800058,1852.8280068000313,1853.828133800067,1853.828133800067,1853.828133800067,1854.7954600000521,space,0.960606100037694,None,1854.7962485000025,1854.8948566667425,1855.2083042000886,1855.1977195000509,1855.1982410000637,1855.2083042000886,1855.2083042000886,1855.2083042000886,1857.38085950003,100,1,[2.1719627999700606],[2.1719774999655783],1,001,2025-11-13_16h28.09.951,untitled,,2025.1.1,59.89630754560734,2025-11-13 16h28.23.966103 +0530,
0.1,1000,exp,372,0,31,space,0.9887242000550032,None,300 ,1,[2.6240567000349984],[2.6240670999977738],31,0,372,9,1857.3948823000537,,1857.3813166000182,1857.3948823000537,1858.3953348000068,1858.3953348000068,1858.3953348000068,1859.3956820000894,space,0.9887242000550032,None,1859.3965511000715,1859.4951024667282,1859.8056408000411,1859.794913000078,1859.7955360000487,1859.8056408000411,1859.8056408000411,1859.8056408000411,1862.4301417000825,300 ,1,[2.6240567000349984],[2.6240670999977738],1,001,2025-11-13_16h28.09.951,untitled,,2025.1.1,59.89630754560734,2025-11-13 16h28.23.966103 +0530,
0.1,1000,exp,373,1,31,space,0.6046357000013813,None,200,1,[3.223213199991733],[3.2232238999567926],31,1,373,3,1862.4454639999894,,1862.4304325000849,1862.4454639999894,1863.4450889000436,1863.4450889000436,1863.4450889000436,1864.0638301,space,0.6046357000013813,None,1864.0663397000171,1864.1785914666873,1864.489376500016,1864.478071700083,1864.4789627999999,1864.489376500016,1864.489376500016,1864.489376500016,1867.7137918000808,200,1,[3.223213199991733],[3.2232238999567926],1,001,2025-11-13_16h28.09.951,untitled,,2025.1.1,59.89630754560734,2025-11-13 16h28.23.966103 +0530,
0.4,400,unexp,374,2,31,space,0.22869279992301017,None,600,1,[2.9393740000668913],[2.9393912999657914],31,2,374,1,1867.728055100073,,1867.7140961000696,1867.728055100073,1868.7288139000302,1868.7288139000302,1868.7288139000302,1868.9620864000171,space,0.22869279992301017,None,1868.9641064000316,1869.3619397667392,1869.6732062000083,1869.6639624000527,1869.6644681000616,1869.6732062000083,1869.6732062000083,1869.6732062000083,1872.6131835000124,600,1,[2.9393740000668913],[2.9393912999657914],1,001,2025-11-13_16h28.09.951,untitled,,2025.1.1,59.89630754560734,2025-11-13 16h28.23.966103 +0530,
0.7,1000,exp,375,3,31,space,0.4537749000592157,None,400,1,[3.3784602000378072],[3.3784732000203803],31,3,375,11,1872.628286399995,,1872.613539300044,1872.628286399995,1873.6280704999808,1873.6280704999808,1873.6280704999808,1874.0964798000641,space,0.4537749000592157,None,1874.0978008999955,1874.8115235666667,1875.1181384000229,1875.1068570000352,1875.1073049000697,1875.1181384000229,1875.1181384000229,1875.1181384000229,1878.4970538000343,400,1,[3.3784602000378072],[3.3784732000203803],1,001,2025-11-13_16h28.09.951,untitled,,2025.1.1,59.89630754560734,2025-11-13 16h28.23.966103 +0530,
0.7,400,unexp,376,4,31,space,0.26761290000285953,None,900,1,[2.3731603999622166],[2.3731737999478355],31,4,376,2,1878.5115408999845,,1878.4973910000408,1878.5115408999845,1879.5121798000764,1879.5121798000764,1879.5121798000764,1879.7804295000387,space,0.26761290000285953,None,1879.7814875000622,1880.494971066659,1880.8059542999836,1880.7947146000806,1880.795477100066,1880.8059542999836,1880.8059542999836,1880.8059542999836,1883.1794590000063,900,1,[2.3731603999622166],[2.3731737999478355],1,001,2025-11-13_16h28.09.951,untitled,,2025.1.1,59.89630754560734,2025-11-13 16h28.23.966103 +0530,
0.4,1000,exp,377,5,31,space,0.31227140000555664,None,600,1,[2.9398007999407127],[2.9398188999621198],31,5,377,7,1883.1943652000045,,1883.1797538000392,1883.1943652000045,1884.178649700014,1884.178649700014,1884.1956054000184,1884.4959922999842,space,0.31227140000555664,None,1884.4974172000075,1884.8952252667552,1885.2075079000788,1885.195354500087,1885.1962164000142,1885.2075079000788,1885.2075079000788,1885.2075079000788,1888.1479678000323,600,1,[2.9398007999407127],[2.9398188999621198],1,001,2025-11-13_16h28.09.951,untitled,,2025.1.1,59.89630754560734,2025-11-13 16h28.23.966103 +0530,
0.7,1000,exp,378,6,31,space,0.26878360006958246,None,700,1,[1.7930982999969274],[1.7931070000631735],31,6,378,8,1888.1626128000207,,1888.1488372000167,1888.1626128000207,1889.161934999982,1889.161934999982,1889.161934999982,1889.4462773000123,space,0.26878360006958246,None,1889.4471457999898,1890.1619792667373,1890.4690071999794,1890.4572982999962,1890.4578234000364,1890.4690071999794,1890.4690071999794,1890.4690071999794,1892.2624068000587,700,1,[1.7930982999969274],[1.7931070000631735],1,001,2025-11-13_16h28.09.951,untitled,,2025.1.1,59.89630754560734,2025-11-13 16h28.23.966103 +0530,
0.7,1000,exp,379,7,31,space,0.34949200006667525,None,500,1,[1.6298726999666542],[1.629883199930191],31,7,379,5,1892.2784355999902,,1892.2626684000716,1892.2784355999902,1893.2620218000375,1893.2620218000375,1893.2783850000706,1893.6126454999903,space,0.34949200006667525,None,1893.6141159000108,1894.311877866687,1894.6164878000272,1894.607040700037,1894.6075092999963,1894.6164878000272,1894.6164878000272,1894.6164878000272,1896.2467875999864,500,1,[1.6298726999666542],[1.629883199930191],1,001,2025-11-13_16h28.09.951,untitled,,2025.1.1,59.89630754560734,2025-11-13 16h28.23.966103 +0530,
0.4,1000,exp,380,8,31,space,0.37462060002144426,None,400,1,[1.4786865999922156],[1.4787053000181913],31,8,380,10,1896.2618760999758,,1896.2478430999909,1896.2618760999758,1897.2621795000741,1897.2621795000741,1897.2621795000741,1897.6465835000854,space,0.37462060002144426,None,1897.647754900041,1898.0621297667424,1898.3674368000356,1898.357099100016,1898.3575014000526,1898.3674368000356,1898.3674368000356,1898.3674368000356,1899.846552300034,400,1,[1.4786865999922156],[1.4787053000181913],1,001,2025-11-13_16h28.09.951,untitled,,2025.1.1,59.89630754560734,2025-11-13 16h28.23.966103 +0530,
0.1,1000,exp,381,9,31,space,0.29669360001571476,None,100,1,[1.7044099000049755],[1.7044195999624208],31,9,381,6,1899.8614455000497,,1899.8468293000478,1899.8614455000497,1900.8614941000706,1900.8614941000706,1900.8614941000706,1901.162603200064,space,0.29669360001571476,None,1901.1638585000765,1901.2620528666923,1901.5741405000445,1901.5651874999749,1901.5656617999775,1901.5741405000445,1901.5741405000445,1901.5741405000445,1903.2788679000223,100,1,[1.7044099000049755],[1.7044195999624208],1,001,2025-11-13_16h28.09.951,untitled,,2025.1.1,59.89630754560734,2025-11-13 16h28.23.966103 +0530,
0.1,400,unexp,382,10,31,space,0.2362227999838069,None,300,1,[1.510509599931538],[1.5105277999537066],31,10,382,0,1903.2960244000424,,1903.279127900023,1903.2960244000424,1904.2778048000764,1904.2778048000764,1904.311907300027,1904.5284872000339,space,0.2362227999838069,None,1904.5296169000212,1904.6287158666566,1904.9374046000885,1904.9263467000565,1904.9272897000192,1904.9374046000885,1904.9374046000885,1904.9374046000885,1906.4487379000057,300,1,[1.510509599931538],[1.5105277999537066],1,001,2025-11-13_16h28.09.951,untitled,,2025.1.1,59.89630754560734,2025-11-13 16h28.23.966103 +0530,
0.4,1000,exp,383,11,31,space,0.3241486999904737,None,400,1,[1.587445899960585],[1.5874618999660015],31,11,383,4,1906.4628259000601,,1906.4490482000401,1906.4628259000601,1907.4616129000206,1907.4616129000206,1907.478570300038,1907.795360899996,space,0.3241486999904737,None,1907.7960487999953,1908.195150866701,1908.508798600058,1908.49880140007,1908.4992978000082,1908.508798600058,1908.508798600058,1908.508798600058,1910.0975639000535,400,1,[1.587445899960585],[1.5874618999660015],1,001,2025-11-13_16h28.09.951,untitled,,2025.1.1,59.89630754560734,2025-11-13 16h28.23.966103 +0530,
0.1,1000,exp,384,0,32,space,0.32951730000786483,None,300,1,[1.5137119999853894],[1.5137233999557793],32,0,384,3,1910.1116440000478,,1910.097914300044,1910.1116440000478,1911.111520400038,1911.111520400038,1911.111520400038,1911.4463785000844,space,0.32951730000786483,None,1911.4473072000546,1911.561906366671,1911.8678726999788,1911.857123700087,1911.8576831000391,1911.8678726999788,1911.8678726999788,1911.8678726999788,1913.3819789000554,300,1,[1.5137119999853894],[1.5137233999557793],1,001,2025-11-13_16h28.09.951,untitled,,2025.1.1,59.89630754560734,2025-11-13 16h28.23.966103 +0530,
0.7,1000,exp,385,1,32,space,0.4931125999428332,None,600,1,[1.446781100006774],[1.4467941999901086],32,1,385,8,1913.3960080000106,,1913.3823151000543,1913.3960080000106,1914.3963752000127,1914.3963752000127,1914.3963752000127,1914.896615799982,space,0.4931125999428332,None,1914.897417500033,1915.6118475667356,1915.918133100029,1915.9068185000215,1915.907309000031,1915.918133100029,1915.918133100029,1915.918133100029,1917.365325700026,600,1,[1.446781100006774],[1.4467941999901086],1,001,2025-11-13_16h28.09.951,untitled,,2025.1.1,59.89630754560734,2025-11-13 16h28.23.966103 +0530,
0.4,1000,exp,386,2,32,space,0.2613814000505954,None,400,1,[1.5380772999487817],[1.538092999951914],32,2,386,7,1917.3791517000645,,1917.365620400058,1917.3791517000645,1918.3782515000785,1918.3782515000785,1918.3782515000785,1918.6468797000125,space,0.2613814000505954,None,1918.6478327000514,1919.061908066684,1919.3753792999778,1919.366314999992,1919.3667599000037,1919.3753792999778,1919.3753792999778,1919.3753792999778,1920.9141201999737,400,1,[1.5380772999487817],[1.538092999951914],1,001,2025-11-13_16h28.09.951,untitled,,2025.1.1,59.89630754560734,2025-11-13 16h28.23.966103 +0530,
0.7,1000,exp,387,3,32,space,0.31107619998510927,None,700,1,[1.7244950999738649],[1.7245075999526307],32,3,387,11,1920.9278178000823,,1920.9145725000417,1920.9278178000823,1921.9289636000758,1921.9289636000758,1921.9289636000758,1922.2458638000535,space,0.31107619998510927,None,1922.2469450000208,1922.9453212667179,1923.2564382000128,1923.2451910000527,1923.2458879000042,1923.2564382000128,1923.2564382000128,1923.2564382000128,1924.981292200042,700,1,[1.7244950999738649],[1.7245075999526307],1,001,2025-11-13_16h28.09.951,untitled,,2025.1.1,59.89630754560734,2025-11-13 16h28.23.966103 +0530,
0.7,400,unexp,388,4,32,space,0.762843299889937,None,900,1,[1.5283366999356076],[1.5283523999387398],32,4,388,2,1924.9955357,,1924.9816201999784,1924.9955357,1925.9953573000384,1925.9953573000384,1925.9953573000384,1926.7626473000273,space,0.762843299889937,None,1926.7637868000893,1927.478312866708,1927.7859609000152,1927.7738676000154,1927.7745267000282,1927.7859609000152,1927.7859609000152,1927.7859609000152,1929.3147115000756,900,1,[1.5283366999356076],[1.5283523999387398],1,001,2025-11-13_16h28.09.951,untitled,,2025.1.1,59.89630754560734,2025-11-13 16h28.23.966103 +0530,
0.4,1000,exp,389,5,32,space,0.43979630002286285,None,400,1,[2.125246800016612],[2.125262500019744],32,5,389,10,1929.3284303999972,,1929.3150141000515,1929.3284303999972,1930.3286094000796,1930.3286094000796,1930.3286094000796,1930.7781946000177,space,0.43979630002286285,None,1930.7791629000567,1931.1780405666834,1931.4886234999867,1931.47838710004,1931.4788905000314,1931.4886234999867,1931.4886234999867,1931.4886234999867,1933.6143366000615,400,1,[2.125246800016612],[2.125262500019744],1,001,2025-11-13_16h28.09.951,untitled,,2025.1.1,59.89630754560734,2025-11-13 16h28.23.966103 +0530,
0.4,1000,exp,390,6,32,space,0.3767158000264317,None,400,1,[4.245845999917947],[4.245855199988],32,6,390,4,1933.6274264000822,,1933.6146476999857,1933.6274264000822,1934.6277536000125,1934.6277536000125,1934.6277536000125,1935.0125263000373,space,0.3767158000264317,None,1935.0137166000204,1935.412110266687,1935.7164201000705,1935.7064170000376,1935.7068797000684,1935.7164201000705,1935.7164201000705,1935.7164201000705,1939.9625758000184,400,1,[4.245845999917947],[4.245855199988],1,001,2025-11-13_16h28.09.951,untitled,,2025.1.1,59.89630754560734,2025-11-13 16h28.23.966103 +0530,
0.7,1000,exp,391,7,32,space,0.3555167999584228,None,600,1,[2.439220800064504],[2.4392374000744894],32,7,391,5,1939.9793847000692,,1939.9628208000213,1939.9793847000692,1940.961630100035,1940.961630100035,1940.9949046000838,1941.329507400049,space,0.3555167999584228,None,1941.3308893999783,1942.045075766688,1942.3569131999975,1942.3448560000397,1942.3456237000646,1942.3569131999975,1942.3569131999975,1942.3569131999975,1944.7966863000765,600,1,[2.439220800064504],[2.4392374000744894],1,001,2025-11-13_16h28.09.951,untitled,,2025.1.1,59.89630754560734,2025-11-13 16h28.23.966103 +0530,
0.1,400,unexp,392,8,32,space,0.2776494000572711,None,300,1,[1.5565637000836432],[1.5565747000509873],32,8,392,0,1944.8117160000838,,1944.7969877000432,1944.8117160000838,1945.812021400081,1945.812021400081,1945.812021400081,1946.095384299988,space,0.2776494000572711,None,1946.0959264000412,1946.1949677667037,1946.508009399986,1946.4981632999843,1946.4986570000183,1946.508009399986,1946.508009399986,1946.508009399986,1948.0649101000745,300,1,[1.5565637000836432],[1.5565747000509873],1,001,2025-11-13_16h28.09.951,untitled,,2025.1.1,59.89630754560734,2025-11-13 16h28.23.966103 +0530,
0.4,400,unexp,393,9,32,space,0.42392249999102205,None,200,1,[1.3488094999920577],[1.3488212999654934],32,9,393,1,1948.0783475000644,,1948.0651845000684,1948.0783475000644,1949.0787081000162,1949.0787081000162,1949.0787081000162,1949.5127524000127,space,0.42392249999102205,None,1949.5140956999967,1949.9119929667252,1950.2172696000198,1950.2100992000196,1950.2104533000384,1950.2172696000198,1950.2172696000198,1950.2172696000198,1951.5664246000815,200,1,[1.3488094999920577],[1.3488212999654934],1,001,2025-11-13_16h28.09.951,untitled,,2025.1.1,59.89630754560734,2025-11-13 16h28.23.966103 +0530,
0.1,1000,exp,394,10,32,space,0.2694865999510512,None,200,1,[1.3928406999912113],[1.3928567999973893],32,10,394,9,1951.5781908000354,,1951.566686599981,1951.5781908000354,1952.5788404999766,1952.5788404999766,1952.5788404999766,1952.8632153000217,space,0.2694865999510512,None,1952.8644053000025,1952.978348166744,1953.2861857999815,1953.2768996000523,1953.277411899995,1953.2861857999815,1953.2861857999815,1953.2861857999815,1954.6794993000804,200,1,[1.3928406999912113],[1.3928567999973893],1,001,2025-11-13_16h28.09.951,untitled,,2025.1.1,59.89630754560734,2025-11-13 16h28.23.966103 +0530,
0.1,1000,exp,395,11,32,space,0.2510442999191582,None,200,1,[1.3831178999971598],[1.3831314999843016],32,11,395,6,1954.6953620000277,,1954.6800592000363,1954.6953620000277,1955.6950455000624,1955.6950455000624,1955.6950455000624,1955.946708500036,space,0.2510442999191582,None,1955.9478215000127,1956.061919266653,1956.3643250000896,1956.354107500054,1956.354628500063,1956.3643250000896,1956.3643250000896,1956.3643250000896,1957.7478845000733,200,1,[1.3831178999971598],[1.3831314999843016],1,001,2025-11-13_16h28.09.951,untitled,,2025.1.1,59.89630754560734,2025-11-13 16h28.23.966103 +0530,
0.4,1000,exp,396,0,33,space,0.24149399995803833,None,500,1,[2.0254124999046326],[2.0254319999367],33,0,396,10,1957.7614411000395,,1957.7482155000325,1957.7614411000395,1958.7622046000324,1958.7622046000324,1958.7622046000324,1959.0128341000527,space,0.24149399995803833,None,1959.013804199989,1959.4120049667001,1959.722690600087,1959.7111366000026,1959.7117365000304,1959.722690600087,1959.722690600087,1959.722690600087,1961.7486339000752,500,1,[2.0254124999046326],[2.0254319999367],1,001,2025-11-13_16h28.09.951,untitled,,2025.1.1,59.89630754560734,2025-11-13 16h28.23.966103 +0530,
0.4,1000,exp,397,1,33,space,0.29338480008300394,None,300,1,[2.379529800033197],[2.379544800030999],33,1,397,4,1961.7620230000466,,1961.7489218000555,1961.7620230000466,1962.7620589000871,1962.7620589000871,1962.7620589000871,1963.0624631000683,space,0.29338480008300394,None,1963.0635510000866,1963.4615522666757,1963.7667140000267,1963.7563066000585,1963.756826100056,1963.7667140000267,1963.7667140000267,1963.7667140000267,1966.1467025000602,300,1,[2.379529800033197],[2.379544800030999],1,001,2025-11-13_16h28.09.951,untitled,,2025.1.1,59.89630754560734,2025-11-13 16h28.23.966103 +0530,
0.7,400,unexp,398,2,33,space,0.2596013000002131,None,800,1,[1.721815099939704],[1.7218286999268457],33,2,398,2,1966.1621403000318,,1966.1470322000096,1966.1621403000318,1967.1621071000118,1967.1621071000118,1967.1621071000118,1967.4297989000333,space,0.2596013000002131,None,1967.4315119000385,1968.1447694666606,1968.4585449000588,1968.4466219000751,1968.4471628000028,1968.4585449000588,1968.4585449000588,1968.4585449000588,1970.1808395000407,800,1,[1.721815099939704],[1.7218286999268457],1,001,2025-11-13_16h28.09.951,untitled,,2025.1.1,59.89630754560734,2025-11-13 16h28.23.966103 +0530,
0.1,1000,exp,399,3,33,space,0.2378875999711454,None,300,1,[2.0447433999506757],[2.045003699953668],33,3,399,3,1970.1946260000113,,1970.181165600079,1970.1946260000113,1971.1953462000238,1971.1953462000238,1971.1953462000238,1971.446431600023,space,0.2378875999711454,None,1971.4475573999807,1971.562254566645,1971.869504900067,1971.8582142000087,1971.8587621999905,1971.869504900067,1971.869504900067,1971.869504900067,1973.914948199992,300,1,[2.0447433999506757],[2.045003699953668],1,001,2025-11-13_16h28.09.951,untitled,,2025.1.1,59.89630754560734,2025-11-13 16h28.23.966103 +0530,
0.7,1000,exp,400,4,33,space,0.2594606999773532,None,400,1,[1.5757643000688404],[1.5757733000209555],33,4,400,8,1973.928633500007,,1973.9152292000363,1973.928633500007,1974.9283230000874,1974.9283230000874,1974.9283230000874,1975.1959631000645,space,0.2594606999773532,None,1975.1972535999957,1975.9120085667275,1976.2201248999918,1976.208689799998,1976.2092583000194,1976.2201248999918,1976.2201248999918,1976.2201248999918,1977.7961991999764,400,1,[1.5757643000688404],[1.5757733000209555],1,001,2025-11-13_16h28.09.951,untitled,,2025.1.1,59.89630754560734,2025-11-13 16h28.23.966103 +0530,
0.1,1000,exp,401,5,33,space,0.24925489991437644,None,200,1,[1.4598309999564663],[1.4598429999314249],33,5,401,9,1977.8113223999972,,1977.7964461999945,1977.8113223999972,1978.8115735000465,1978.8115735000465,1978.8115735000465,1979.061954600038,space,0.24925489991437644,None,1979.063268500031,1979.1617810667415,1979.4703996999888,1979.4593124000821,1979.4604746000841,1979.4703996999888,1979.4703996999888,1979.4703996999888,1980.9306384000229,200,1,[1.4598309999564663],[1.4598429999314249],1,001,2025-11-13_16h28.09.951,untitled,,2025.1.1,59.89630754560734,2025-11-13 16h28.23.966103 +0530,
0.1,1000,exp,402,6,33,space,0.25937640003394336,None,300,1,[1.1905804999405518],[1.1905925999162719],33,6,402,6,1980.945040600025,,1980.930965000065,1980.945040600025,1981.9450387000106,1981.9450387000106,1981.9450387000106,1982.2128643000033,space,0.25937640003394336,None,1982.2139100000495,1982.3284432667463,1982.6397821999853,1982.6254866999807,1982.6261309999973,1982.6397821999853,1982.6397821999853,1982.6397821999853,1983.8307728000218,300,1,[1.1905804999405518],[1.1905925999162719],1,001,2025-11-13_16h28.09.951,untitled,,2025.1.1,59.89630754560734,2025-11-13 16h28.23.966103 +0530,
0.7,1000,exp,403,7,33,space,0.24470639997161925,None,400,1,[3.1613746000221],[3.161386499996297],33,7,403,5,1983.8450848000357,,1983.8311063,1983.8450848000357,1984.8450806000037,1984.8450806000037,1984.8450806000037,1985.096564300009,space,0.24470639997161925,None,1985.0978101000655,1985.8116061667135,1986.1184187000617,1986.1069076000713,1986.1074753000867,1986.1184187000617,1986.1184187000617,1986.1184187000617,1989.2801812000107,400,1,[3.1613746000221],[3.161386499996297],1,001,2025-11-13_16h28.09.951,untitled,,2025.1.1,59.89630754560734,2025-11-13 16h28.23.966103 +0530,
0.4,400,unexp,404,8,33,space,0.2302662000292912,None,300,1,[1.377407499938272],[1.377425399958156],33,8,404,1,1989.2950134000275,,1989.2805385000538,1989.2950134000275,1990.294762399979,1990.294762399979,1990.294762399979,1990.5291340000695,space,0.2302662000292912,None,1990.5302519000834,1990.9286399667074,1991.2367529000621,1991.2268450000556,1991.2277134000324,1991.2367529000621,1991.2367529000621,1991.2367529000621,1992.614581400063,300,1,[1.377407499938272],[1.377425399958156],1,001,2025-11-13_16h28.09.951,untitled,,2025.1.1,59.89630754560734,2025-11-13 16h28.23.966103 +0530,
0.1,400,unexp,405,9,33,space,0.6689089999999851,None,200,1,[2.2763763000257313],[2.276383199961856],33,9,405,0,1992.6289686000673,,1992.614890600089,1992.6289686000673,1993.6286945000757,1993.6286945000757,1993.6286945000757,1994.3132841000333,space,0.6689089999999851,None,1994.3143259000499,1994.4284183666498,1994.736420399975,1994.7266245000064,1994.7272167999763,1994.736420399975,1994.736420399975,1994.736420399975,1997.013076800038,200,1,[2.2763763000257313],[2.276383199961856],1,001,2025-11-13_16h28.09.951,untitled,,2025.1.1,59.89630754560734,2025-11-13 16h28.23.966103 +0530,
0.7,1000,exp,406,10,33,space,0.3653155999490991,None,300,1,[6.8085583000211045],[6.808570199995302],33,10,406,11,1997.0277779999888,,1997.0133036000188,1997.0277779999888,1998.0121883000247,1998.0121883000247,1998.0289293000242,1998.3785133999772,space,0.3653155999490991,None,1998.3793508000672,1999.078609566732,1999.3869572000112,1999.3748309999937,1999.3755250000395,1999.3869572000112,1999.3869572000112,1999.3869572000112,2006.1959145000437,300,1,[6.8085583000211045],[6.808570199995302],1,001,2025-11-13_16h28.09.951,untitled,,2025.1.1,59.89630754560734,2025-11-13 16h28.23.966103 +0530,
0.4,1000,exp,407,11,33,space,0.41345440002623945,None,400,1,[3.2091200000140816],[3.209134400007315],33,11,407,7,2006.2113521000138,,2006.1965055000037,2006.2113521000138,2007.1952858000295,2007.1952858000295,2007.2120155000594,2007.6135627999902,space,0.41345440002623945,None,2007.6147905000253,2008.0286215666604,2008.336441099993,2008.3252094000345,2008.3258072000463,2008.336441099993,2008.336441099993,2008.336441099993,2011.5459453000221,400,1,[3.2091200000140816],[3.209134400007315],1,001,2025-11-13_16h28.09.951,untitled,,2025.1.1,59.89630754560734,2025-11-13 16h28.23.966103 +0530,
